NBA,2019 - 2020,Regular_Season,James Harden,HOU,68,2482.6,672,1514,299,843,692,800,308,227,70,376,446,512,125,60,2335,1989,Aug,"Aug 26, 1989",6-5,196,220,100,United States,Artesia High School,1,3,Oklahoma City Thunder
NBA,2019 - 2020,Regular_Season,Damian Lillard,POR,66,2473.7,624,1349,270,674,460,518,194,114,33,251,284,530,70,22,1978,1990,Jul,"Jul 15, 1990",6-3,191,195,88,United States,Oakland High School,1,6,Portland Trail Blazers
NBA,2019 - 2020,Regular_Season,Devin Booker,PHX,70,2511.8,627,1283,141,398,468,509,264,213,29,268,297,456,49,18,1863,1996,Oct,"Oct 30, 1996",6-6,198,206,93,United States,Moss Point High School,1,13,Phoenix Suns
NBA,2019 - 2020,Regular_Season,Giannis Antetokounmpo,MIL,63,1916.9,685,1238,89,293,398,629,230,195,140,716,856,354,61,66,1857,1994,Dec,"Dec 6, 1994",6-11,211,242,110,Greece / Nigeria,,1,15,Milwaukee Bucks
NBA,2019 - 2020,Regular_Season,Trae Young,ATL,60,2120.1,546,1249,205,568,481,559,289,104,32,223,255,560,65,8,1778,1998,Sep,"Sep 19, 1998",6-2,188,180,82,United States,Norman High School,1,5,Dallas Mavericks
NBA,2019 - 2020,Regular_Season,Luka Doncic,DAL,61,2047.3,581,1255,171,541,426,562,260,153,78,495,573,538,60,14,1759,1999,Feb,"Feb 28, 1999",6-7,201,218,99,Slovenia,,1,3,Atlanta Hawks
NBA,2019 - 2020,Regular_Season,Bradley Beal,WAS,57,2053.2,593,1303,170,481,385,457,194,126,52,190,242,347,71,23,1741,1993,Jun,"Jun 28, 1993",6-3,191,207,94,United States,Chaminade College Preparatory School,1,3,Washington Wizards
NBA,2019 - 2020,Regular_Season,LeBron James,LAL,67,2316.3,643,1303,148,425,264,381,261,118,66,459,525,684,78,36,1698,1984,Dec,"Dec 30, 1984",6-8,203,250,113,United States,St. Vincent St. Mary High School,1,1,Cleveland Cavaliers
NBA,2019 - 2020,Regular_Season,Donovan Mitchell,UTA,69,2364.0,602,1342,173,473,278,322,184,172,53,251,304,294,70,14,1655,1996,Sep,"Sep 7, 1996",6-3,191,215,98,United States,Brewster Academy,1,13,Denver Nuggets
NBA,2019 - 2020,Regular_Season,Anthony Davis,LAL,62,2131.4,551,1096,72,218,444,525,154,156,142,435,577,200,91,143,1618,1993,Mar,"Mar 11, 1993",6-10,208,253,115,United States,Perspectives Charter Academy,1,1,New Orleans Pelicans
NBA,2019 - 2020,Regular_Season,C.J. McCollum,POR,70,2556.4,611,1356,194,512,140,185,127,183,46,251,297,310,54,42,1556,1991,Sep,"Sep 19, 1991",6-3,191,190,86,United States,Glen Oak High School,1,10,Portland Trail Blazers
NBA,2019 - 2020,Regular_Season,Russell Westbrook,HOU,57,2049.2,604,1281,55,213,290,380,255,200,100,351,451,401,93,20,1553,1988,Nov,"Nov 12, 1988",6-3,191,200,91,United States,Leuzinger High School,1,4,Seattle SuperSonics
NBA,2019 - 2020,Regular_Season,Jayson Tatum,BOS,66,2265.1,552,1226,189,469,254,313,155,136,64,396,460,200,93,57,1547,1998,Mar,"Mar 3, 1998",6-8,203,208,94,United States,Chaminade College Preparatory School,1,3,Boston Celtics
NBA,2019 - 2020,Regular_Season,Kawhi Leonard,LAC,57,1848.2,532,1133,123,325,356,402,149,113,54,348,402,280,103,33,1543,1991,Jun,"Jun 29, 1991",6-7,201,230,104,United States,Martin Luther King High School,1,15,Indiana Pacers
NBA,2019 - 2020,Regular_Season,Zach LaVine,CHI,60,2085.4,539,1199,184,484,268,334,206,131,41,248,289,254,88,28,1530,1995,Mar,"Mar 10, 1995",6-5,196,208,94,United States,Bothell High School,1,13,Minnesota Timberwolves
NBA,2019 - 2020,Regular_Season,DeMar DeRozan,SAS,68,2316.4,557,1049,9,35,381,451,164,180,44,331,375,380,70,20,1504,1989,Aug,"Aug 7, 1989",6-7,201,220,100,United States,Compton High School,1,9,Toronto Raptors
NBA,2019 - 2020,Regular_Season,Brandon Ingram,NOP,62,2103.5,507,1096,150,384,313,368,189,179,51,328,379,259,61,38,1477,1997,Sep,"Sep 2, 1997",6-9,206,190,86,United States,Kinston High School,1,2,Los Angeles Lakers
NBA,2019 - 2020,Regular_Season,Nikola Jokic,DEN,73,2335.7,565,1071,80,255,246,301,226,222,166,545,711,512,85,44,1456,1995,Feb,"Feb 19, 1995",7-0,213,250,113,Serbia,,2,11,Denver Nuggets
NBA,2019 - 2020,Regular_Season,Tobias Harris,PHI,72,2469.2,553,1173,131,357,174,216,104,165,69,426,495,227,53,40,1411,1992,Jul,"Jul 15, 1992",6-9,206,235,107,United States,Half Hollow Hills West High School,1,19,Charlotte Hornets
NBA,2019 - 2020,Regular_Season,Buddy Hield,SAC,72,2216.1,498,1162,271,688,115,136,168,165,57,272,329,213,66,17,1382,1992,Dec,"Dec 17, 1992",6-4,193,220,100,Bahamas,Sunrise Christian Academy,1,6,New Orleans Pelicans
NBA,2019 - 2020,Regular_Season,Pascal Siakam,TOR,60,2110.3,500,1104,131,365,240,303,148,170,64,375,439,207,61,53,1371,1994,Apr,"Apr 2, 1994",6-9,206,230,104,Cameroon,God's Academy,1,27,Toronto Raptors
NBA,2019 - 2020,Regular_Season,Collin Sexton,CLE,65,2142.6,513,1086,97,255,226,267,158,142,61,143,204,192,65,7,1349,1999,Jan,"Jan 4, 1999",6-2,188,190,86,United States,Pebblebrook High School,1,8,Cleveland Cavaliers
NBA,2019 - 2020,Regular_Season,Shai Gilgeous-Alexander,OKC,70,2428.5,478,1015,87,251,288,357,134,117,47,365,412,232,79,47,1331,1998,Jul,"Jul 12, 1998",6-6,198,181,82,Canada,Hamilton Heights Christian Academy,1,11,Charlotte Hornets
NBA,2019 - 2020,Regular_Season,T.J. Warren,IND,67,2202.5,534,997,91,226,167,204,84,187,68,212,280,99,78,34,1326,1993,Sep,"Sep 5, 1993",6-8,203,215,98,United States,Word of God Christian Academy,1,14,Phoenix Suns
NBA,2019 - 2020,Regular_Season,Spencer Dinwiddie,BRK,64,1994.0,424,1021,123,400,347,446,174,180,32,189,221,432,40,21,1318,1993,Apr,"Apr 6, 1993",6-6,198,210,95,United States,William Howard Taft High School,2,8,Detroit Pistons
NBA,2019 - 2020,Regular_Season,Khris Middleton,MIL,62,1852.8,471,947,147,354,208,227,137,142,44,338,382,265,53,7,1297,1991,Aug,"Aug 12, 1991",6-8,203,222,101,United States,Porter-Gaud High School,2,9,Detroit Pistons
NBA,2019 - 2020,Regular_Season,Bojan Bogdanovic,UTA,63,2082.8,418,935,189,457,250,277,159,110,39,220,259,131,34,7,1275,1989,Apr,"Apr 18, 1989",6-8,203,216,98,Bosnia and Herzegovina / Croatia,,2,1,Miami Heat
NBA,2019 - 2020,Regular_Season,Julius Randle,NYK,64,2080.5,463,1006,64,231,258,352,193,178,151,471,622,198,51,22,1248,1994,Nov,"Nov 29, 1994",6-9,206,250,113,United States,Prestonwood Christian Academy,1,7,Los Angeles Lakers
NBA,2019 - 2020,Regular_Season,Chris Paul,OKC,70,2207.6,434,887,111,304,253,279,161,158,26,323,349,472,111,11,1232,1985,May,"May 6, 1985",6-0,183,175,79,United States,West Forsyth High School,1,4,New Orleans Pelicans
NBA,2019 - 2020,Regular_Season,Dennis Schroder,OKC,65,1998.8,453,965,125,325,198,236,166,146,19,217,236,262,45,14,1229,1993,Sep,"Sep 15, 1993",6-1,185,172,78,Germany,,1,17,Atlanta Hawks
NBA,2019 - 2020,Regular_Season,Evan Fournier,ORL,66,2075.7,434,929,173,434,180,220,125,161,18,153,171,209,71,15,1221,1992,Oct,"Oct 29, 1992",6-7,201,205,93,France,,1,20,Denver Nuggets
NBA,2019 - 2020,Regular_Season,Nikola Vucevic,ORL,62,1998.3,493,1033,98,289,131,167,88,135,140,533,673,222,54,47,1215,1990,Oct,"Oct 24, 1990",7-0,213,260,118,Switzerland / Montenegro,Stoneridge Prep,1,16,Philadelphia Sixers
NBA,2019 - 2020,Regular_Season,Ja Morant,MEM,67,2074.2,447,937,60,179,239,308,220,110,51,208,259,488,58,18,1193,1999,Aug,"Aug 10, 1999",6-3,191,175,79,United States,Crestwood High School,1,2,Memphis Grizzlies
NBA,2019 - 2020,Regular_Season,Lou Williams,LAC,65,1863.9,391,936,111,315,292,339,182,80,31,170,201,365,43,12,1185,1986,Oct,"Oct 27, 1986",6-1,185,175,79,United States,South Gwinnett High School,2,15,Philadelphia Sixers
NBA,2019 - 2020,Regular_Season,Dillon Brooks,MEM,73,2112.0,435,1068,147,411,164,203,124,278,68,175,243,150,63,27,1181,1996,Jan,"Jan 22, 1996",6-6,198,220,100,Canada,Findlay College Prep,2,15,Houston Rockets
NBA,2019 - 2020,Regular_Season,Andrew Wiggins,GSW,54,1858.9,437,978,111,334,190,268,132,127,66,208,274,198,45,53,1175,1995,Feb,"Feb 23, 1995",6-8,203,194,88,Canada,Huntington Prep,1,1,Cleveland Cavaliers
NBA,2019 - 2020,Regular_Season,Montrezl Harrell,LAC,63,1749.1,471,812,0,18,231,351,108,146,163,282,445,107,39,72,1173,1994,Jan,"Jan 26, 1994",6-8,203,240,109,United States,Hargrave Military Academy ,2,2,Houston Rockets
NBA,2019 - 2020,Regular_Season,Joel Embiid,PHI,51,1505.9,382,801,57,172,351,435,159,174,141,452,593,152,45,65,1172,1994,Mar,"Mar 16, 1994",7-0,213,250,113,Cameroon,The Rock High School,1,3,Philadelphia Sixers
NBA,2019 - 2020,Regular_Season,Jrue Holiday,NOP,61,2116.8,458,1006,122,346,129,182,184,145,77,216,293,408,99,48,1167,1990,Jun,"Jun 12, 1990",6-4,193,205,93,United States,Campbell Hall School,1,17,Philadelphia Sixers
NBA,2019 - 2020,Regular_Season,Kristaps Porzingis,DAL,57,1813.8,398,932,142,403,226,283,92,185,100,440,540,102,41,115,1164,1995,Aug,"Aug 2, 1995",7-3,221,240,109,Latvia,,1,4,New York Knicks
NBA,2019 - 2020,Regular_Season,Danilo Gallinari,OKC,62,1834.0,358,817,178,439,266,298,76,75,34,288,322,119,42,5,1160,1988,Aug,"Aug 8, 1988",6-10,208,233,106,Italy,,1,6,New York Knicks
NBA,2019 - 2020,Regular_Season,Jaylen Brown,BOS,57,1933.7,427,887,129,338,176,243,125,167,62,302,364,118,65,20,1159,1996,Oct,"Oct 24, 1996",6-7,201,220,100,United States,Joseph Wheeler High School,1,3,Boston Celtics
NBA,2019 - 2020,Regular_Season,Jimmy Butler,MIA,58,1959.3,345,758,29,119,438,525,127,81,106,280,386,350,103,32,1157,1989,Sep,"Sep 14, 1989",6-8,203,232,105,United States,Tomball High School,1,30,Chicago Bulls
NBA,2019 - 2020,Regular_Season,Domantas Sabonis,IND,62,2158.7,458,848,17,67,214,296,170,195,189,582,771,310,47,30,1147,1996,May,"May 3, 1996",6-11,211,240,109,United States / Lithuania,,1,11,Orlando Magic
NBA,2019 - 2020,Regular_Season,Bam Adebayo,MIA,72,2417.1,440,790,2,14,264,382,204,182,176,559,735,368,82,93,1146,1997,Jul,"Jul 18, 1997",6-10,208,255,116,United States,High Point Christian Academy,1,14,Miami Heat
NBA,2019 - 2020,Regular_Season,Devonte' Graham,CHA,63,2211.3,368,963,218,585,191,233,181,115,42,170,212,471,62,15,1145,1995,Feb,"Feb 22, 1995",6-2,188,185,84,United States,Broughton High School,2,4,Atlanta Hawks
NBA,2019 - 2020,Regular_Season,Kemba Walker,BOS,56,1742.5,378,889,180,473,209,242,117,91,36,181,217,268,48,28,1145,1990,May,"May 8, 1990",6-1,185,184,83,United States,Rice High School,1,9,Charlotte Hornets
NBA,2019 - 2020,Regular_Season,Terry Rozier,CHA,63,2164.4,398,941,172,423,166,190,141,126,50,226,276,259,61,10,1134,1994,Mar,"Mar 17, 1994",6-1,185,190,86,United States,Hargrave Military Academy ,1,16,Boston Celtics
NBA,2019 - 2020,Regular_Season,Kyle Lowry,TOR,58,2098.3,334,803,164,466,294,343,178,190,32,260,292,433,82,26,1126,1986,Mar,"Mar 25, 1986",6-1,185,196,89,United States,Cardinal Dougherty High School,1,24,Memphis Grizzlies
NBA,2019 - 2020,Regular_Season,Tim Hardaway Jr.,DAL,71,2091.2,384,884,204,513,149,182,69,125,25,207,232,137,41,5,1121,1992,Mar,"Mar 16, 1992",6-6,198,205,93,United States,Palmetto High School,1,24,New York Knicks
NBA,2019 - 2020,Regular_Season,Jamal Murray,DEN,59,1903.6,408,894,112,324,163,185,127,102,45,191,236,284,67,17,1091,1997,Feb,"Feb 23, 1997",6-4,193,207,94,Canada,Athlete Institute Prep,1,7,Denver Nuggets
NBA,2019 - 2020,Regular_Season,Jordan Clarkson,UTA,71,1704.7,394,867,152,413,138,165,97,108,50,137,187,136,46,16,1078,1992,Jun,"Jun 7, 1992",6-5,196,194,88,United States,Wagner High School,2,16,Washington Wizards
NBA,2019 - 2020,Regular_Season,De'Aaron Fox,SAC,51,1634.3,391,815,54,185,241,342,158,145,35,161,196,348,74,25,1077,1997,Dec,"Dec 20, 1997",6-3,191,185,84,United States,Cypress Lakes High School,1,5,Sacramento Kings
NBA,2019 - 2020,Regular_Season,Harrison Barnes,SAC,72,2481.6,365,793,102,268,214,267,88,93,77,278,355,159,43,12,1046,1992,May,"May 30, 1992",6-8,203,225,102,United States,Ames High School,1,7,Golden State Warriors
NBA,2019 - 2020,Regular_Season,"Kelly Oubre, Jr.",PHX,56,1933.3,373,826,108,307,192,246,83,192,67,294,361,85,71,40,1046,1995,Dec,"Dec 9, 1995",6-7,201,205,93,United States,Findlay College Prep,1,15,Atlanta Hawks
NBA,2019 - 2020,Regular_Season,Jonas Valanciunas,MEM,70,1845.2,432,739,32,91,148,200,127,185,213,575,788,131,30,76,1044,1992,May,"May 6, 1992",7-0,213,265,120,Lithuania,,1,5,Toronto Raptors
NBA,2019 - 2020,Regular_Season,Hassan Whiteside,POR,67,2008.3,436,702,4,7,164,239,120,196,258,647,905,78,26,196,1040,1989,Jun,"Jun 13, 1989",7-1,216,265,120,United States,The Patterson School,2,3,Sacramento Kings
NBA,2019 - 2020,Regular_Season,Paul George,LAC,48,1418.9,343,782,157,381,190,217,125,113,24,248,272,185,68,20,1033,1990,May,"May 2, 1990",6-9,206,220,100,United States,Pete Knight High School,1,10,Indiana Pacers
NBA,2019 - 2020,Regular_Season,Marcus Morris,LAC,62,1936.3,355,810,142,348,181,220,97,180,59,252,311,86,47,30,1033,1989,Sep,"Sep 2, 1989",6-9,206,235,107,United States,APEX Academy,1,14,Houston Rockets
NBA,2019 - 2020,Regular_Season,Rudy Gobert,UTA,68,2332.8,386,557,0,0,254,403,130,215,230,686,916,101,51,135,1026,1992,Jun,"Jun 26, 1992",7-1,216,245,111,France,,1,27,Denver Nuggets
NBA,2019 - 2020,Regular_Season,Kendrick Nunn,MIA,67,1962.5,401,914,137,391,85,100,114,152,21,159,180,220,56,15,1024,1995,Aug,"Aug 3, 1995",6-3,191,195,88,United States,Simeon Career Academy ,,,
NBA,2019 - 2020,Regular_Season,Terrence Ross,ORL,69,1889.1,341,846,177,504,157,184,70,109,13,209,222,82,77,24,1016,1991,Feb,"Feb 5, 1991",6-7,201,206,93,United States,Jefferson High School,1,8,Toronto Raptors
NBA,2019 - 2020,Regular_Season,Andre Drummond,CLE,57,1878.4,418,784,5,35,169,294,203,201,250,614,864,152,109,93,1010,1993,Aug,"Aug 10, 1993",6-11,211,279,127,United States,St. Thomas More Prep,1,9,Detroit Pistons
NBA,2019 - 2020,Regular_Season,LaMarcus Aldridge,SAS,53,1754.1,391,793,61,157,158,191,74,128,103,289,392,129,36,87,1001,1985,Jul,"Jul 19, 1985",6-11,211,265,120,United States,Seagoville High School,1,2,Chicago Bulls
NBA,2019 - 2020,Regular_Season,Joe Harris,BRK,69,2122.8,381,784,172,406,64,89,104,159,64,234,298,144,41,17,998,1991,Sep,"Sep 6, 1991",6-6,198,218,99,United States,Chelan High School,2,3,Cleveland Cavaliers
NBA,2019 - 2020,Regular_Season,Alec Burks,PHI,66,1754.2,321,768,116,301,235,265,91,128,48,234,282,189,62,17,993,1991,Jul,"Jul 20, 1991",6-6,198,214,97,United States,Grandview High School,1,12,Utah Jazz
NBA,2019 - 2020,Regular_Season,"Jaren Jackson, Jr.",MEM,57,1622.1,353,753,145,368,139,186,99,232,55,207,262,78,40,92,990,1999,Sep,"Sep 15, 1999",6-11,211,242,110,United States,Park Tudor School,1,4,Memphis Grizzlies
NBA,2019 - 2020,Regular_Season,Kevin Love,CLE,56,1780.0,327,727,146,390,187,219,140,90,54,493,547,178,33,19,987,1988,Sep,"Sep 7, 1988",6-10,208,251,114,United States,Lake Oswego High School,1,5,Memphis Grizzlies
NBA,2019 - 2020,Regular_Season,Duncan Robinson,MIA,73,2165.6,323,687,270,606,67,72,70,193,10,222,232,102,35,19,983,1994,Apr,"Apr 22, 1994",6-8,203,210,95,United States,Phillips Exeter Academy,,,
NBA,2019 - 2020,Regular_Season,Goran Dragic,MIA,59,1662.9,319,724,124,338,191,246,144,124,29,158,187,301,40,10,953,1986,May,"May 6, 1986",6-3,191,190,86,Slovenia,,2,15,San Antonio Spurs
NBA,2019 - 2020,Regular_Season,Fred VanVleet,TOR,54,1928.2,319,773,146,374,168,198,121,132,18,185,203,357,100,17,952,1994,Feb,"Feb 25, 1994",6-0,183,195,88,United States,Auburn High School,,,
NBA,2019 - 2020,Regular_Season,Ben Simmons,PHI,57,2016.9,375,647,2,7,185,298,200,186,113,331,444,455,119,33,937,1996,Jul,"Jul 20, 1996",6-10,208,230,104,Australia,Montverde Academy,1,1,Philadelphia Sixers
NBA,2019 - 2020,Regular_Season,Karl-Anthony Towns,MIN,35,1187.0,316,622,114,277,180,226,110,117,95,283,378,153,33,42,926,1995,Nov,"Nov 15, 1995",7-0,213,248,112,United States / Dominican Republic,St. Joseph High School,1,1,Minnesota Timberwolves
NBA,2019 - 2020,Regular_Season,Bogdan Bogdanovic,SAC,61,1765.9,337,766,164,441,86,116,102,133,26,181,207,207,64,15,924,1992,Aug,"Aug 18, 1992",6-6,198,220,100,Serbia,,1,27,Phoenix Suns
NBA,2019 - 2020,Regular_Season,J.J. Redick,NOP,60,1581.0,286,631,180,397,165,185,75,96,10,141,151,119,20,10,917,1984,Jun,"Jun 24, 1984",6-4,193,200,91,United States,Cave Spring High School,1,11,Orlando Magic
NBA,2019 - 2020,Regular_Season,Eric Bledsoe,MIL,61,1646.3,334,703,74,215,169,214,148,128,43,239,282,328,57,26,911,1989,Dec,"Dec 9, 1989",6-1,185,205,93,United States,Parker High School,1,18,Oklahoma City Thunder
NBA,2019 - 2020,Regular_Season,Gordon Hayward,BOS,52,1740.0,350,700,85,222,124,145,96,96,55,293,348,212,38,22,909,1990,Mar,"Mar 23, 1990",6-8,203,225,102,United States,Brownsburg High School,1,9,Utah Jazz
NBA,2019 - 2020,Regular_Season,Derrick Rose,DET,50,1297.6,369,753,45,147,121,139,126,49,27,94,121,278,40,16,904,1988,Oct,"Oct 4, 1988",6-3,191,200,91,United States,Simeon Career Academy ,1,1,Chicago Bulls
NBA,2019 - 2020,Regular_Season,Carmelo Anthony,POR,58,1902.0,336,782,87,226,136,161,100,171,71,297,368,85,49,27,895,1984,May,"May 29, 1984",6-8,203,240,109,United States,Oak Hill Academy,1,3,Denver Nuggets
NBA,2019 - 2020,Regular_Season,Aaron Gordon,ORL,62,2017.2,335,767,73,237,151,224,100,125,107,368,475,228,51,39,894,1995,Sep,"Sep 16, 1995",6-9,206,220,100,United States,Archbishop Mitty High School,1,4,Orlando Magic
NBA,2019 - 2020,Regular_Season,Malcolm Brogdon,IND,54,1666.3,326,744,75,230,166,186,131,98,46,216,262,381,35,10,893,1992,Dec,"Dec 11, 1992",6-5,196,229,104,United States,Greater Atlanta Christian School,2,6,Milwaukee Bucks
NBA,2019 - 2020,Regular_Season,Will Barton,DEN,58,1915.9,332,738,108,288,102,133,88,121,76,289,365,212,61,29,874,1991,Jan,"Jan 6, 1991",6-6,198,190,86,United States,Brewster Academy,2,10,Portland Trail Blazers
NBA,2019 - 2020,Regular_Season,Robert Covington,HOU,70,2136.8,305,723,161,480,99,124,103,220,63,400,463,88,115,93,870,1990,Dec,"Dec 14, 1990",6-9,206,225,102,United States,Proviso West High School,,,
NBA,2019 - 2020,Regular_Season,Markelle Fultz,ORL,72,1996.0,359,772,36,135,116,159,147,142,41,197,238,369,90,11,870,1998,May,"May 29, 1998",6-4,193,200,91,United States,DeMatha Catholic High School,1,1,Philadelphia Sixers
NBA,2019 - 2020,Regular_Season,Coby White,CHI,65,1674.0,312,792,133,376,102,129,109,117,28,202,230,175,49,6,859,2000,Feb,"Feb 16, 2000",6-5,196,185,84,United States,Greenfield School,1,7,Chicago Bulls
NBA,2019 - 2020,Regular_Season,Jerami Grant,DEN,71,1891.8,303,634,98,252,147,196,63,154,58,190,248,88,50,57,851,1994,Mar,"Mar 12, 1994",6-9,206,220,100,United States,DeMatha Catholic High School,2,9,Philadelphia Sixers
NBA,2019 - 2020,Regular_Season,Ricky Rubio,PHX,65,2016.4,287,692,78,216,195,226,173,167,46,258,304,570,94,11,847,1990,Oct,"Oct 21, 1990",6-4,193,190,86,Spain,,1,5,Minnesota Timberwolves
NBA,2019 - 2020,Regular_Season,Serge Ibaka,TOR,55,1484.7,343,670,70,182,89,124,109,153,114,338,452,77,28,46,845,1989,Sep,"Sep 18, 1989",6-10,208,235,107,Republic of the Congo / Spain,,1,24,Seattle SuperSonics
NBA,2019 - 2020,Regular_Season,Miles Bridges,CHA,65,1995.5,319,753,99,300,106,131,95,132,87,274,361,114,40,48,843,1998,Mar,"Mar 21, 1998",6-7,201,225,102,United States,Huntington Prep,1,12,Los Angeles Clippers
NBA,2019 - 2020,Regular_Season,Eric Paschall,GSW,60,1653.8,318,640,37,129,164,212,94,125,82,193,275,127,32,13,837,1996,Nov,"Nov 4, 1996",6-9,206,255,116,United States,St. Thomas More Prep,2,11,Golden State Warriors
NBA,2019 - 2020,Regular_Season,Davis Bertans,WAS,54,1583.0,265,610,200,472,104,122,59,139,35,210,245,92,37,33,834,1992,Nov,"Nov 12, 1992",6-10,208,225,102,Latvia,,2,12,Indiana Pacers
NBA,2019 - 2020,Regular_Season,Nemanja Bjelica,SAC,72,2011.1,314,653,134,320,69,84,99,216,111,347,458,203,62,40,831,1988,May,"May 9, 1988",6-10,208,235,107,Serbia,,2,5,Washington Wizards
NBA,2019 - 2020,Regular_Season,Norman Powell,TOR,52,1478.8,296,598,109,273,129,153,77,108,26,164,190,91,60,21,830,1993,May,"May 25, 1993",6-4,193,215,98,United States,Lincoln High School ,2,16,Milwaukee Bucks
NBA,2019 - 2020,Regular_Season,Brook Lopez,MIL,68,1817.0,292,671,102,325,127,152,70,163,58,254,312,99,46,163,813,1988,Apr,"Apr 1, 1988",7-0,213,270,122,United States,San Joaquin Memorial High School,1,10,New Jersey Nets
NBA,2019 - 2020,Regular_Season,Christian Wood,DET,62,1324.6,288,508,54,140,180,242,84,98,104,286,390,60,34,54,810,1995,Sep,"Sep 27, 1995",6-10,208,214,97,United States,Findlay College Prep,,,
NBA,2019 - 2020,Regular_Season,R.J. Barrett,NYK,56,1704.5,292,727,63,197,156,254,124,122,50,229,279,143,55,17,803,2000,Jun,"Jun 14, 2000",6-7,201,202,92,Canada,Montverde Academy,1,3,New York Knicks
NBA,2019 - 2020,Regular_Season,Al Horford,PHI,67,2025.5,319,709,99,283,61,80,80,142,103,353,456,270,52,61,798,1986,Jun,"Jun 3, 1986",6-10,208,245,111,Dominican Republic / United States,Grand Ledge High School,1,3,Atlanta Hawks
NBA,2019 - 2020,Regular_Season,Seth Curry,DAL,64,1575.6,284,574,145,321,80,97,62,113,27,118,145,124,38,9,793,1990,Aug,"Aug 23, 1990",6-2,188,185,84,United States,Charlotte Christian School,,,
NBA,2019 - 2020,Regular_Season,Kyle Kuzma,LAL,61,1526.2,291,668,86,272,114,155,91,126,52,221,273,80,28,26,782,1995,Jul,"Jul 24, 1995",6-9,206,220,100,United States,Rise Academy,1,27,Brooklyn Nets
NBA,2019 - 2020,Regular_Season,De'Andre Hunter,ATL,63,2017.9,280,683,108,304,110,144,103,182,44,242,286,111,44,18,778,1997,Dec,"Dec 2, 1997",6-7,201,225,102,United States,Friends' Central School,1,4,Los Angeles Lakers
NBA,2019 - 2020,Regular_Season,Marcus Smart,BOS,60,1919.3,256,682,137,395,127,152,104,162,42,183,225,291,101,29,776,1994,Mar,"Mar 6, 1994",6-4,193,220,100,United States,Marcus High School,1,6,Boston Celtics
NBA,2019 - 2020,Regular_Season,Jarrett Allen,BRK,70,1852.0,302,465,0,6,171,270,77,162,216,455,671,110,40,92,775,1998,Apr,"Apr 21, 1998",6-11,211,237,108,United States,St. Stephen's Episcopal School,1,22,Brooklyn Nets
NBA,2019 - 2020,Regular_Season,Taurean Prince,BRK,64,1857.4,278,739,146,431,71,89,127,159,50,331,381,116,57,25,773,1994,Mar,"Mar 22, 1994",6-8,203,220,100,United States,Warren High School,1,12,Utah Jazz
NBA,2019 - 2020,Regular_Season,Patty Mills,SAS,66,1484.7,258,598,154,403,97,112,54,105,22,86,108,118,53,6,767,1988,Aug,"Aug 11, 1988",6-0,183,180,82,Australia,Australian Institute of Sport,2,25,Portland Trail Blazers
NBA,2019 - 2020,Regular_Season,Derrick White,SAS,68,1676.7,253,552,79,216,180,211,89,152,35,188,223,241,44,59,765,1994,Jul,"Jul 2, 1994",6-4,193,195,88,United States,Legend High School,1,29,San Antonio Spurs
NBA,2019 - 2020,Regular_Season,Josh Richardson,PHI,55,1693.2,278,646,85,249,114,141,104,136,41,133,174,162,52,36,755,1993,Sep,"Sep 15, 1993",6-6,198,200,91,United States,Edmond Santa Fe High School,2,10,Miami Heat
NBA,2019 - 2020,Regular_Season,Myles Turner,IND,62,1825.9,268,587,86,250,127,169,85,166,86,321,407,72,46,132,749,1996,Mar,"Mar 24, 1996",6-11,211,250,113,United States,Trinity High School,1,11,Indiana Pacers
NBA,2019 - 2020,Regular_Season,Lonzo Ball,NOP,63,2025.2,277,687,148,395,43,76,193,128,71,312,383,438,88,38,745,1997,Oct,"Oct 27, 1997",6-6,198,190,86,United States,Chino Hills High School,1,2,Los Angeles Lakers
NBA,2019 - 2020,Regular_Season,Tyler Herro,MIA,55,1508.1,270,631,116,298,87,100,87,76,16,208,224,121,34,9,743,2000,Jan,"Jan 20, 2000",6-6,198,195,88,United States,Whitnall High School,1,13,Miami Heat
NBA,2019 - 2020,Regular_Season,Ish Smith,WAS,68,1787.0,308,689,62,169,62,86,95,106,30,189,219,334,59,30,740,1988,Jul,"Jul 5, 1988",6-0,183,175,79,United States,Central Cabarrus High School,,,
NBA,2019 - 2020,Regular_Season,Lauri Markkanen,CHI,50,1491.5,251,591,109,317,126,153,81,96,60,253,313,74,42,23,737,1997,May,"May 22, 1997",7-0,213,227,103,Finland,Helsinki Basketball Academy,1,7,Minnesota Timberwolves
NBA,2019 - 2020,Regular_Season,Ogugua Anunoby,TOR,69,2065.7,286,566,89,228,72,102,79,167,80,284,364,108,96,45,733,1997,Jul,"Jul 17, 1997",6-8,203,232,105,England / United States,Jefferson City High School,1,23,Toronto Raptors
NBA,2019 - 2020,Regular_Season,Darius Garland,CLE,59,1824.0,280,699,105,296,63,72,151,92,27,84,111,229,42,4,728,2000,Jan,"Jan 26, 2000",6-2,188,175,79,United States,Brentwood Academy,1,5,Cleveland Cavaliers
NBA,2019 - 2020,Regular_Season,Glenn Robinson,PHI,62,1786.4,288,591,77,197,74,86,56,100,81,189,270,96,54,16,727,1994,Jan,"Jan 8, 1994",6-6,198,222,101,United States,Lake Central High School,2,10,Minnesota Timberwolves
NBA,2019 - 2020,Regular_Season,Rudy Gay,SAS,67,1460.6,266,596,74,220,120,136,88,103,61,301,362,114,35,33,726,1986,Aug,"Aug 17, 1986",6-8,203,240,109,United States,Archbishop Spalding High School,1,8,Houston Rockets
NBA,2019 - 2020,Regular_Season,Dejounte Murray,SAS,66,1686.8,294,637,41,111,91,114,125,143,69,314,383,271,111,17,720,1996,Sep,"Sep 19, 1996",6-5,196,175,79,United States,Rainier Beach High School,1,29,San Antonio Spurs
NBA,2019 - 2020,Regular_Season,Cedi Osman,CLE,65,1910.3,266,609,123,321,63,94,91,160,39,192,231,154,54,16,718,1995,Apr,"Apr 8, 1995",6-8,203,215,98,North Macedonia / Turkey,,2,1,Minnesota Timberwolves
NBA,2019 - 2020,Regular_Season,"Troy Brown, Jr.",WAS,69,1781.9,273,622,61,179,109,139,79,132,76,307,383,178,85,7,716,1999,Jul,"Jul 28, 1999",6-7,201,215,98,United States,Centennial High School,1,15,Washington Wizards
NBA,2019 - 2020,Regular_Season,Ben McLemore,HOU,71,1619.5,242,545,181,452,50,67,50,155,21,136,157,58,45,16,715,1993,Feb,"Feb 11, 1993",6-5,196,195,88,United States,Christian Life Center,1,7,Sacramento Kings
NBA,2019 - 2020,Regular_Season,P.J. Washington,CHA,58,1759.0,268,589,86,230,88,136,93,158,58,258,316,123,51,44,710,1998,Aug,"Aug 23, 1998",6-7,201,236,107,United States,Findlay College Prep,1,12,Charlotte Hornets
NBA,2019 - 2020,Regular_Season,Doug McDermott,IND,69,1372.3,267,547,128,294,48,58,42,117,26,148,174,78,12,5,710,1992,Jan,"Jan 3, 1992",6-8,203,225,102,United States,Ames High School,1,11,Denver Nuggets
NBA,2019 - 2020,Regular_Season,Joe Ingles,UTA,72,2136.6,246,553,141,353,74,94,142,154,27,251,278,373,65,11,707,1987,Oct,"Oct 2, 1987",6-8,203,226,103,Australia,Australian Institute of Sport,,,
NBA,2019 - 2020,Regular_Season,Bryn Forbes,SAS,63,1579.3,242,581,148,381,75,90,57,113,12,114,126,108,33,0,707,1993,Jul,"Jul 23, 1993",6-3,191,195,88,United States,JW Sexton High School,,,
NBA,2019 - 2020,Regular_Season,Dario Saric,PHX,66,1631.8,256,538,84,235,108,128,88,156,100,306,406,123,37,16,704,1994,Apr,"Apr 8, 1994",6-10,208,250,113,Croatia,,1,12,Orlando Magic
NBA,2019 - 2020,Regular_Season,Furkan Korkmaz,PHI,72,1558.9,242,563,143,356,77,102,59,98,18,150,168,79,41,16,704,1997,Jul,"Jul 24, 1997",6-7,201,190,86,Turkey,,1,26,Philadelphia Sixers
NBA,2019 - 2020,Regular_Season,Brandon Clarke,MEM,58,1300.0,296,479,23,64,85,112,55,100,92,253,345,81,32,48,700,1996,Sep,"Sep 19, 1996",6-8,203,210,95,Canada,Desert Vista High School ,1,21,Oklahoma City Thunder
NBA,2019 - 2020,Regular_Season,Steven Adams,OKC,63,1680.5,283,478,1,3,117,201,94,122,207,376,583,146,51,67,684,1993,Jul,"Jul 20, 1993",7-0,213,265,120,New Zealand,Scots College,1,12,Oklahoma City Thunder
NBA,2019 - 2020,Regular_Season,Tristan Thompson,CLE,57,1721.5,288,562,9,23,99,161,103,124,226,351,577,120,33,50,684,1991,Mar,"Mar 13, 1991",6-10,208,238,108,Canada,Findlay College Prep,1,4,Cleveland Cavaliers
NBA,2019 - 2020,Regular_Season,Jae Crowder,MIA,65,1874.8,226,563,135,394,97,125,69,143,52,332,384,161,72,24,684,1990,Jul,"Jul 6, 1990",6-6,198,235,107,United States,Villa Rica High School,2,4,Cleveland Cavaliers
NBA,2019 - 2020,Regular_Season,Kevin Huerter,ATL,56,1760.3,252,610,127,334,53,64,87,139,35,193,228,214,51,27,684,1998,Aug,"Aug 27, 1998",6-7,201,190,86,United States,Shenendehowa High School,1,19,Atlanta Hawks
NBA,2019 - 2020,Regular_Season,Dorian Finney-Smith,DAL,71,2119.8,243,522,114,303,78,108,69,178,145,260,405,114,45,39,678,1993,May,"May 4, 1993",6-8,203,220,100,United States,I.C. Norcom High School,,,
NBA,2019 - 2020,Regular_Season,Langston Galloway,DET,66,1702.2,236,542,132,331,73,85,40,96,33,116,149,101,48,11,677,1991,Dec,"Dec 9, 1991",6-2,188,200,91,United States,Christian Life,,,
NBA,2019 - 2020,Regular_Season,Mike Conley,UTA,47,1363.3,232,567,96,256,115,139,92,104,33,118,151,208,36,5,675,1987,Oct,"Oct 11, 1987",6-1,185,175,79,United States,Lawrence North High School,1,4,Memphis Grizzlies
NBA,2019 - 2020,Regular_Season,Maxi Kleber,DAL,74,1889.7,237,514,119,319,79,93,58,176,112,276,388,88,25,83,672,1992,Jan,"Jan 29, 1992",6-11,211,240,109,Germany,,,,
NBA,2019 - 2020,Regular_Season,Bobby Portis,NYK,66,1393.4,265,589,67,187,71,93,73,110,80,258,338,98,32,18,668,1995,Feb,"Feb 10, 1995",6-11,211,250,113,United States,Hall High School,1,22,Chicago Bulls
NBA,2019 - 2020,Regular_Season,Mikal Bridges,PHX,73,2042.1,247,484,70,194,103,122,73,163,66,226,292,129,102,46,667,1996,Aug,"Aug 30, 1996",6-7,201,210,95,United States,Great Valley High School,1,10,Philadelphia Sixers
NBA,2019 - 2020,Regular_Season,Danuel House,HOU,63,1912.7,230,539,129,355,73,90,54,132,57,210,267,85,67,34,662,1993,Jun,"Jun 7, 1993",6-7,201,215,98,United States,Hightower High School,,,
NBA,2019 - 2020,Regular_Season,Monte Morris,DEN,73,1636.5,260,566,65,172,75,89,53,73,24,113,137,255,55,17,660,1995,Jun,"Jun 27, 1995",6-3,191,175,79,United States,Flint Beecher High School,2,21,Denver Nuggets
NBA,2019 - 2020,Regular_Season,Thaddeus Young,CHI,64,1590.7,269,601,79,222,42,72,102,134,94,221,315,117,92,23,659,1988,Jun,"Jun 21, 1988",6-8,203,221,100,United States,Mitchell High School,1,12,Philadelphia Sixers
NBA,2019 - 2020,Regular_Season,Josh Hart,NOP,65,1755.2,225,532,121,354,85,115,75,160,61,364,425,108,63,23,656,1995,Mar,"Mar 6, 1995",6-5,196,215,98,United States,Sidwell Friends School,1,30,Utah Jazz
NBA,2019 - 2020,Regular_Season,Kentavious Caldwell-Pope,LAL,69,1761.8,237,507,92,239,79,102,62,128,38,104,142,111,57,14,645,1993,Feb,"Feb 18, 1993",6-5,196,205,93,United States,Greenville High School,1,8,Detroit Pistons
NBA,2019 - 2020,Regular_Season,Tomas Satoransky,CHI,65,1877.9,237,551,64,199,106,121,130,135,76,178,254,354,80,7,644,1991,Oct,"Oct 30, 1991",6-7,201,210,95,Czech Republic,,2,2,Washington Wizards
NBA,2019 - 2020,Regular_Season,Cody Zeller,CHA,58,1340.7,251,479,18,75,122,179,75,140,160,251,411,88,40,25,642,1992,Oct,"Oct 5, 1992",7-0,213,240,109,United States,Washington High School,1,4,Charlotte Hornets
NBA,2019 - 2020,Regular_Season,Jeff Teague,ATL,59,1464.3,213,489,43,117,172,197,116,106,27,115,142,308,44,19,641,1988,Jun,"Jun 10, 1988",6-2,188,195,88,United States,Pike High School,1,19,Atlanta Hawks
NBA,2019 - 2020,Regular_Season,Garrett Temple,BRK,62,1729.7,222,587,127,386,70,87,62,108,29,189,218,156,49,29,641,1986,May,"May 8, 1986",6-6,198,195,88,United States,Louisiana State University Laboratory School,,,
NBA,2019 - 2020,Regular_Season,Aaron Holiday,IND,66,1617.3,233,563,87,221,74,87,88,120,22,134,156,225,55,16,627,1996,Sep,"Sep 30, 1996",6-1,185,185,84,United States,Campbell Hall School,1,23,Indiana Pacers
NBA,2019 - 2020,Regular_Season,Damion Lee,GSW,49,1422.5,213,511,85,239,110,126,67,116,32,207,239,133,50,6,621,1992,Oct,"Oct 21, 1992",6-6,198,210,95,United States,Calvert Hall College High School,,,
NBA,2019 - 2020,Regular_Season,Malik Beasley,MIN,55,1208.6,227,534,107,276,54,66,57,77,18,130,148,75,40,8,615,1996,Nov,"Nov 26, 1996",6-5,196,195,88,United States,Saint Francis High School,1,19,Denver Nuggets
NBA,2019 - 2020,Regular_Season,Donte DiVincenzo,MIL,66,1520.4,232,510,83,247,63,86,90,113,66,252,318,154,85,20,610,1997,Jan,"Jan 31, 1997",6-4,193,203,92,United States,Salesianum School,1,17,Milwaukee Bucks
NBA,2019 - 2020,Regular_Season,Cam Reddish,ATL,58,1550.7,213,554,83,250,101,126,96,132,35,181,216,87,62,28,610,1999,Sep,"Sep 1, 1999",6-8,203,218,99,United States,Westtown School,1,10,Atlanta Hawks
NBA,2019 - 2020,Regular_Season,Justin Holiday,IND,73,1825.6,208,486,134,331,53,67,44,137,32,206,238,93,87,46,603,1989,Apr,"Apr 5, 1989",6-6,198,181,82,United States,Campbell Hall School,,,
NBA,2019 - 2020,Regular_Season,Daniel Theis,BOS,65,1566.0,241,426,32,96,87,114,54,219,140,286,426,111,37,84,601,1992,Apr,"Apr 4, 1992",6-8,203,243,110,Germany,,,,
NBA,2019 - 2020,Regular_Season,D.J. Augustin,ORL,57,1420.4,184,461,70,201,161,181,86,72,22,100,122,262,34,1,599,1987,Nov,"Nov 10, 1987",6-0,183,183,83,United States,Hightower High School,1,9,Charlotte Hornets
NBA,2019 - 2020,Regular_Season,Kent Bazemore,SAC,68,1687.6,200,534,84,244,113,147,91,196,27,267,294,93,74,40,597,1989,Jul,"Jul 1, 1989",6-5,196,200,91,United States,Bertie High School,,,
NBA,2019 - 2020,Regular_Season,Ivica Zubac,LAC,72,1326.1,236,386,0,2,124,166,61,168,198,346,544,82,16,66,596,1997,Mar,"Mar 18, 1997",7-1,216,240,109,Bosnia and Herzegovina / Croatia,,2,2,Los Angeles Lakers
NBA,2019 - 2020,Regular_Season,Austin Rivers,HOU,68,1593.9,211,501,96,270,78,111,50,129,27,148,175,113,49,10,596,1992,Aug,"Aug 1, 1992",6-4,193,200,91,United States,Winter Park High School,1,10,New Orleans Pelicans
NBA,2019 - 2020,Regular_Season,Paul Millsap,DEN,51,1240.0,211,438,54,124,115,141,70,150,98,195,293,83,44,30,591,1985,Feb,"Feb 10, 1985",6-8,203,246,112,United States,Grambling Laboratory High School,2,17,Utah Jazz
NBA,2019 - 2020,Regular_Season,Mitchell Robinson,NYK,61,1412.5,253,341,0,0,84,148,37,194,186,242,428,36,52,119,590,1998,Apr,"Apr 1, 1998",7-1,216,240,109,United States,Chalmette High School,2,6,New York Knicks
NBA,2019 - 2020,Regular_Season,Gary Harris,DEN,56,1780.2,218,519,70,210,75,92,60,116,26,137,163,118,76,14,581,1994,Sep,"Sep 14, 1994",6-4,193,210,95,United States,Hamilton Southeastern High School,1,19,Chicago Bulls
NBA,2019 - 2020,Regular_Season,Jarrett Culver,MIN,63,1505.5,230,569,66,221,54,117,81,125,70,142,212,110,57,38,580,1999,Feb,"Feb 20, 1999",6-6,198,195,88,United States,Coronado High School,1,6,Phoenix Suns
NBA,2019 - 2020,Regular_Season,Anfernee Simons,POR,70,1448.7,214,536,75,226,76,92,61,135,25,127,152,97,26,10,579,1999,Jun,"Jun 8, 1999",6-4,193,185,84,United States,IMG Academy,1,24,Portland Trail Blazers
NBA,2019 - 2020,Regular_Season,Shabazz Napier,WAS,56,1344.5,188,456,76,240,126,153,128,101,26,132,158,262,69,11,578,1991,Jul,"Jul 14, 1991",6-1,185,180,82,United States / Puerto Rico,Charlestown High School,1,24,Charlotte Hornets
NBA,2019 - 2020,Regular_Season,Jeremy Lamb,IND,46,1291.2,216,479,53,158,92,110,50,104,24,176,200,96,55,22,577,1992,May,"May 30, 1992",6-5,196,185,84,United States,Norcross High School,1,12,Houston Rockets
NBA,2019 - 2020,Regular_Season,"Larry Nance, Jr.",CLE,56,1472.1,229,431,56,159,50,74,60,91,106,303,409,123,56,22,564,1993,Jan,"Jan 1, 1993",6-9,206,230,104,United States,Revere High School,1,27,Los Angeles Lakers
NBA,2019 - 2020,Regular_Season,Malik Monk,CHA,55,1169.1,212,488,58,204,82,100,77,74,27,130,157,114,25,16,564,1998,Feb,"Feb 4, 1998",6-3,191,200,91,United States,Bentonville High School,1,11,Charlotte Hornets
NBA,2019 - 2020,Regular_Season,Markieff Morris,LAL,58,1187.5,203,458,88,228,66,85,76,133,40,178,218,77,31,17,560,1989,Sep,"Sep 2, 1989",6-10,208,245,111,United States,APEX Academy,1,13,Phoenix Suns
NBA,2019 - 2020,Regular_Season,George Hill,MIL,59,1271.3,194,376,81,176,85,101,57,84,50,127,177,180,47,5,554,1986,May,"May 4, 1986",6-3,191,188,85,United States,Broad Ripple High School,1,26,San Antonio Spurs
NBA,2019 - 2020,Regular_Season,Kelly Olynyk,MIA,67,1300.4,184,398,95,234,86,100,71,173,44,261,305,116,45,23,549,1991,Apr,"Apr 19, 1991",7-0,213,240,109,Canada,Kamloops High School,1,13,Dallas Mavericks
NBA,2019 - 2020,Regular_Season,Marquese Chriss,GSW,59,1196.2,210,385,8,39,120,156,78,122,114,251,365,114,39,62,548,1997,Jul,"Jul 2, 1997",6-10,208,230,104,United States,Pleasant Grove High School,1,8,Sacramento Kings
NBA,2019 - 2020,Regular_Season,Danny Green,LAL,68,1686.7,197,474,120,327,33,48,63,136,51,174,225,91,85,32,547,1987,Jun,"Jun 22, 1987",6-6,198,215,98,United States,St. Mary's High School,2,16,Cleveland Cavaliers
NBA,2019 - 2020,Regular_Season,Clint Capela,HOU,39,1279.3,244,388,0,0,55,104,63,102,168,369,537,48,33,72,543,1994,May,"May 18, 1994",6-10,208,240,109,Switzerland,INSEP Academy,1,25,Houston Rockets
NBA,2019 - 2020,Regular_Season,Terence Davis,TOR,72,1209.2,199,436,94,242,51,59,76,124,50,187,237,115,39,14,543,1997,May,"May 16, 1997",6-4,193,205,93,United States,Southaven High School,,,
NBA,2019 - 2020,Regular_Season,"Gary Trent, Jr.",POR,61,1331.9,196,441,112,268,37,45,21,90,25,75,100,61,48,16,541,1999,Jan,"Jan 18, 1999",6-6,198,205,93,United States,Prolific Prep,2,7,Sacramento Kings
NBA,2019 - 2020,Regular_Season,Josh Okogie,MIN,62,1547.3,170,398,41,154,152,191,87,139,87,181,268,99,68,26,533,1998,Sep,"Sep 1, 1998",6-5,196,212,96,Nigeria / United States,Shiloh High School,1,20,Minnesota Timberwolves
NBA,2019 - 2020,Regular_Season,Dwight Howard,LAL,69,1305.7,202,277,3,5,110,214,84,222,172,335,507,45,31,79,517,1985,Dec,"Dec 8, 1985",6-11,211,265,120,United States,Southwest Atlanta Christian Academy,1,1,Orlando Magic
NBA,2019 - 2020,Regular_Season,"Bruce Brown, Jr.",DET,58,1634.0,198,447,33,96,88,119,100,162,61,213,274,230,63,29,517,1996,Aug,"Aug 15, 1996",6-5,196,202,92,United States,Vermont Academy,2,12,Detroit Pistons
NBA,2019 - 2020,Regular_Season,"Michael Porter, Jr.",DEN,55,903.2,195,383,62,147,60,72,49,100,66,193,259,46,27,25,512,1998,Jun,"Jun 29, 1998",6-10,208,210,95,United States,Nathan Hale High School,1,14,Denver Nuggets
NBA,2019 - 2020,Regular_Season,Delon Wright,DAL,73,1569.8,190,411,47,127,77,100,73,93,70,210,280,244,84,23,504,1992,Apr,"Apr 26, 1992",6-5,196,183,83,United States,Leuzinger High School,1,20,Toronto Raptors
NBA,2019 - 2020,Regular_Season,Cameron Johnson,PHX,57,1255.3,176,405,106,272,46,57,32,88,49,138,187,69,36,20,504,1996,Mar,"Mar 3, 1996",6-9,206,210,95,United States,Our Lady of the Sacred Heart High School,1,11,Minnesota Timberwolves
NBA,2019 - 2020,Regular_Season,Svi Mykhailiuk,DET,56,1265.0,166,405,115,285,57,70,61,87,17,87,104,106,41,4,504,1997,Jun,"Jun 10, 1997",6-8,203,205,93,Ukraine,Cherkasy First City Gymnasia,2,17,Los Angeles Lakers
NBA,2019 - 2020,Regular_Season,Jordan Poole,GSW,57,1273.9,167,502,74,265,95,119,74,94,9,109,118,134,35,10,503,1999,Jun,"Jun 19, 1999",6-5,196,195,88,United States,La Lumiere School,1,28,Golden State Warriors
NBA,2019 - 2020,Regular_Season,P.J. Tucker,HOU,72,2467.2,177,426,107,299,39,48,72,229,112,364,476,115,77,36,500,1985,May,"May 5, 1985",6-6,198,245,111,United States,Enloe High School,2,5,Toronto Raptors
NBA,2019 - 2020,Regular_Season,Derrick Jones,MIA,59,1375.0,184,349,37,132,95,123,30,130,66,167,233,62,58,38,500,1997,Feb,"Feb 15, 1997",6-7,201,200,91,United States,Archbishop John Carroll High School,,,
NBA,2019 - 2020,Regular_Season,"Kevin Porter, Jr.",CLE,50,1161.8,186,421,53,158,73,101,93,135,22,140,162,109,46,14,498,2000,May,"May 4, 2000",6-6,198,218,99,United States,Rainier Beach High School,1,30,Milwaukee Bucks
NBA,2019 - 2020,Regular_Season,Wesley Matthews,MIL,67,1634.8,167,422,108,297,52,68,43,103,22,144,166,92,38,9,494,1986,Oct,"Oct 14, 1986",6-5,196,220,100,United States,James Madison Memorial High School,,,
NBA,2019 - 2020,Regular_Season,Landry Shamet,LAC,53,1452.0,158,391,111,296,65,76,42,142,6,94,100,99,20,10,492,1997,Mar,"Mar 13, 1997",6-5,196,190,86,United States,Park Hill High School,1,26,Philadelphia Sixers
NBA,2019 - 2020,Regular_Season,Isaiah Thomas,WAS,40,924.8,174,426,78,189,62,76,77,77,11,57,68,146,13,6,488,1989,Feb,"Feb 7, 1989",5-9,175,185,84,United States,South Kent School,2,30,Sacramento Kings
NBA,2019 - 2020,Regular_Season,Brad Wanamaker,BOS,71,1369.1,162,362,37,102,126,136,76,133,22,122,144,179,61,14,487,1989,Jul,"Jul 25, 1989",6-4,193,210,95,United States,Roman Catholic High School for Boys,,,
NBA,2019 - 2020,Regular_Season,Tyus Jones,MEM,65,1232.0,197,429,47,124,43,58,55,44,9,94,103,285,59,6,484,1996,May,"May 10, 1996",6-2,188,196,89,United States,Apple Valley High School,1,24,Cleveland Cavaliers
NBA,2019 - 2020,Regular_Season,Tony Snell,DET,59,1641.1,170,382,102,254,32,32,31,101,9,102,111,127,32,15,474,1991,Nov,"Nov 10, 1991",6-7,201,213,97,United States,Martin Luther King High School,1,20,Chicago Bulls
NBA,2019 - 2020,Regular_Season,Jaxson Hayes,NOP,64,1079.7,174,260,1,4,123,190,53,161,98,162,260,56,26,55,472,2000,May,"May 23, 2000",6-11,211,220,100,United States,Moeller High School,1,8,Atlanta Hawks
NBA,2019 - 2020,Regular_Season,Enes Kanter,BOS,58,983.5,199,348,1,7,70,99,56,100,163,268,431,56,22,41,469,1992,May,"May 20, 1992",6-11,211,250,113,Switzerland / Turkey,Stoneridge Prep,1,3,Utah Jazz
NBA,2019 - 2020,Regular_Season,Jalen Brunson,DAL,57,1022.0,181,388,43,120,61,75,66,74,22,112,134,188,22,4,466,1996,Aug,"Aug 31, 1996",6-3,191,190,86,United States,Stevenson High School,2,3,Dallas Mavericks
NBA,2019 - 2020,Regular_Season,E'Twaun Moore,NOP,56,1019.9,186,437,63,167,31,45,40,80,31,100,131,78,32,11,466,1989,Feb,"Feb 25, 1989",6-4,193,191,87,United States,East Chicago Central High School,2,25,Boston Celtics
NBA,2019 - 2020,Regular_Season,DeAndre Jordan,BRK,56,1234.2,191,287,0,0,83,122,74,114,141,420,561,105,18,52,465,1988,Jul,"Jul 21, 1988",6-11,211,265,120,United States,Christian Life Center,2,5,Los Angeles Clippers
NBA,2019 - 2020,Regular_Season,T.J. McConnell,IND,71,1326.0,212,411,5,17,35,42,100,73,38,151,189,355,56,11,464,1992,Mar,"Mar 25, 1992",6-2,188,190,86,United States,Chartiers Valley High School,,,
NBA,2019 - 2020,Regular_Season,Gorgui Dieng,MEM,63,1096.5,166,364,54,152,78,101,60,124,91,263,354,73,51,59,464,1990,Jan,"Jan 18, 1990",6-11,211,252,114,Senegal,Covenant Christian Academy,1,21,Utah Jazz
NBA,2019 - 2020,Regular_Season,Derrick Favors,NOP,51,1242.5,209,339,1,7,40,71,55,107,163,338,501,81,30,46,459,1991,Jul,"Jul 15, 1991",6-10,208,265,120,United States,South Atlanta High School ,1,3,New Jersey Nets
NBA,2019 - 2020,Regular_Season,Cory Joseph,SAC,72,1759.5,171,412,56,159,60,70,80,133,44,144,188,251,53,21,458,1991,Aug,"Aug 20, 1991",6-3,191,200,91,Canada,Findlay College Prep,1,29,San Antonio Spurs
NBA,2019 - 2020,Regular_Season,De'Anthony Melton,MEM,60,1167.3,161,401,40,140,93,121,84,109,43,177,220,175,77,20,455,1998,May,"May 28, 1998",6-4,193,200,91,United States,Crespi Carmelite High School,2,16,Houston Rockets
NBA,2019 - 2020,Regular_Season,James Ennis,ORL,69,1265.8,160,359,55,169,79,98,58,137,71,174,245,63,35,22,454,1990,Jul,"Jul 1, 1990",6-7,201,210,95,United States,Ventura High School,2,20,Atlanta Hawks
NBA,2019 - 2020,Regular_Season,Jeff Green,HOU,48,960.1,159,344,62,183,73,91,42,89,24,109,133,50,26,19,453,1986,Aug,"Aug 28, 1986",6-9,206,235,107,United States,Northwestern High School,1,5,Boston Celtics
NBA,2019 - 2020,Regular_Season,Royce O'Neale,UTA,71,2049.5,158,365,92,244,42,55,61,202,27,362,389,180,59,32,450,1993,Jun,"Jun 5, 1993",6-6,198,226,103,United States,Harker Heights High School,,,
NBA,2019 - 2020,Regular_Season,Nerlens Noel,OKC,61,1127.0,184,269,1,3,80,106,66,166,91,209,300,57,59,91,449,1994,Apr,"Apr 10, 1994",6-11,211,220,100,United States,Tilton School,1,6,New Orleans Pelicans
NBA,2019 - 2020,Regular_Season,JaVale McGee,LAL,68,1130.1,195,306,3,6,53,82,55,159,125,265,390,37,36,94,446,1988,Jan,"Jan 19, 1988",7-0,213,270,122,United States,Hales Franciscan,1,18,Washington Wizards
NBA,2019 - 2020,Regular_Season,Luke Kennard,DET,28,921.9,151,342,73,183,67,75,43,65,9,89,98,115,12,6,442,1996,Jun,"Jun 24, 1996",6-5,196,206,93,United States,Franklin High School,1,12,Detroit Pistons
NBA,2019 - 2020,Regular_Season,Alex Len,SAC,55,970.6,177,319,16,59,68,105,55,127,100,221,321,50,23,48,438,1993,Jun,"Jun 16, 1993",7-1,216,250,113,Ukraine,Dnipropetrovsk Higher College,1,5,Phoenix Suns
NBA,2019 - 2020,Regular_Season,Mason Plumlee,DEN,61,1057.2,177,288,0,5,83,155,82,143,98,219,317,154,33,38,437,1990,Mar,"Mar 5, 1990",6-11,211,235,107,United States,Christ School,1,22,Brooklyn Nets
NBA,2019 - 2020,Regular_Season,JaMychal Green,LAC,63,1307.0,151,352,92,238,36,48,54,174,77,311,388,49,29,24,430,1990,Jun,"Jun 21, 1990",6-9,206,227,103,United States,St. Jude High School,,,
NBA,2019 - 2020,Regular_Season,Trevor Ariza,POR,53,1492.3,142,324,77,207,62,74,56,111,34,212,246,91,69,15,423,1985,Jun,"Jun 30, 1985",6-8,203,215,98,United States,Westchester High School,2,14,New York Knicks
NBA,2019 - 2020,Regular_Season,Avery Bradley,LAL,49,1186.5,170,383,63,173,20,24,47,110,18,97,115,63,43,5,423,1990,Nov,"Nov 26, 1990",6-2,188,180,82,United States,Findlay College Prep,1,19,Boston Celtics
NBA,2019 - 2020,Regular_Season,Kevin Knox,NYK,65,1166.1,144,401,65,199,66,101,45,106,28,156,184,61,23,28,419,1999,Aug,"Aug 11, 1999",6-9,206,215,98,United States,Tampa Catholic High School,1,9,New York Knicks
NBA,2019 - 2020,Regular_Season,Rondae Hollis-Jefferson,TOR,60,1121.9,155,329,3,23,105,143,59,115,110,173,283,106,46,23,418,1995,Jan,"Jan 3, 1995",6-7,201,217,98,United States,Chester High School,1,23,Portland Trail Blazers
NBA,2019 - 2020,Regular_Season,Ersan Ilyasova,MIL,63,986.4,146,313,50,137,72,87,34,95,62,240,302,49,24,17,414,1987,May,"May 15, 1987",6-10,208,235,107,Turkey,,2,6,Milwaukee Bucks
NBA,2019 - 2020,Regular_Season,Chris Boucher,TOR,62,818.6,141,299,38,118,91,116,28,114,107,170,277,26,22,61,411,1993,Jan,"Jan 11, 1993",6-10,208,200,91,Saint Lucia / Canada,Alliance Leadership Middle Academy,,,
NBA,2019 - 2020,Regular_Season,Mike Scott,PHI,68,1207.0,149,350,80,217,30,37,26,96,65,183,248,56,21,5,408,1988,Jul,"Jul 16, 1988",6-8,203,237,108,United States,Hargrave Military Academy ,2,13,Atlanta Hawks
NBA,2019 - 2020,Regular_Season,Patrick Beverley,LAC,51,1341.8,147,341,80,206,31,47,66,156,57,209,266,183,54,25,405,1988,Jul,"Jul 12, 1988",6-1,185,185,84,United States,John Marshall Metropolitan High School,2,12,Los Angeles Lakers
NBA,2019 - 2020,Regular_Season,Trey Lyles,SAS,63,1270.8,153,343,65,168,33,45,39,98,71,290,361,69,28,28,404,1995,Nov,"Nov 5, 1995",6-10,208,235,107,Canada / United States,Arsenal Technical High School,1,12,Utah Jazz
NBA,2019 - 2020,Regular_Season,Nicolo Melli,NOP,60,1042.1,136,323,69,206,54,73,46,124,38,142,180,82,34,23,395,1991,Jan,"Jan 26, 1991",6-9,206,235,107,Italy,,,,
NBA,2019 - 2020,Regular_Season,Emmanuel Mudiay,UTA,54,849.6,151,327,30,87,63,83,76,72,18,108,126,116,24,10,395,1996,Mar,"Mar 5, 1996",6-5,196,200,91,United States / Democratic Republic of the Congo,Grace Preparatory Academy,1,7,Denver Nuggets
NBA,2019 - 2020,Regular_Season,Bismack Biyombo,CHA,53,1029.1,151,278,0,0,91,151,48,116,120,188,308,50,10,49,393,1992,Aug,"Aug 28, 1992",6-9,206,255,116,Democratic Republic of the Congo,,1,7,Sacramento Kings
NBA,2019 - 2020,Regular_Season,Georges Niang,UTA,66,923.2,141,322,90,225,20,24,30,75,15,112,127,44,18,5,392,1993,Jun,"Jun 17, 1993",6-8,203,230,104,United States,Tilton School,2,20,Indiana Pacers
NBA,2019 - 2020,Regular_Season,Willie Cauley-Stein,DAL,54,1097.5,175,302,0,1,40,66,40,121,84,231,315,70,50,60,390,1993,Aug,"Aug 18, 1993",7-0,213,240,109,United States,Olathe Northwest High School,1,6,Sacramento Kings
NBA,2019 - 2020,Regular_Season,Kyle Anderson,MEM,67,1329.9,157,331,24,85,52,78,66,111,58,227,285,162,54,37,390,1993,Sep,"Sep 20, 1993",6-9,206,230,104,United States,St. Anthony High School,1,30,San Antonio Spurs
NBA,2019 - 2020,Regular_Season,Lonnie Walker,SAS,61,988.2,152,357,41,101,44,61,44,78,23,116,139,68,32,14,389,1998,Dec,"Dec 14, 1998",6-5,196,205,93,United States,Reading High School,1,18,San Antonio Spurs
NBA,2019 - 2020,Regular_Season,Kyle Korver,MIL,58,959.8,126,293,99,237,35,41,48,78,15,107,122,68,26,12,386,1981,Mar,"Mar 17, 1981",6-7,201,212,96,United States,Pella High School,2,22,New Jersey Nets
NBA,2019 - 2020,Regular_Season,Taj Gibson,NYK,62,1025.1,167,286,4,14,41,56,47,122,111,156,267,52,27,30,379,1985,Jun,"Jun 24, 1985",6-9,206,232,105,United States,Calvary Christian High School,1,26,Chicago Bulls
NBA,2019 - 2020,Regular_Season,Dwight Powell,DAL,40,1060.6,146,229,10,39,74,111,36,102,75,152,227,59,35,21,376,1991,Jul,"Jul 20, 1991",6-11,211,240,109,Canada,IMG Academy,2,15,Charlotte Hornets
NBA,2019 - 2020,Regular_Season,Kris Dunn,CHI,51,1268.6,152,342,29,112,40,54,68,158,23,163,186,173,101,17,373,1994,Mar,"Mar 18, 1994",6-4,193,208,94,United States,New London High School,1,5,Minnesota Timberwolves
NBA,2019 - 2020,Regular_Season,Jakob Poeltl,SAS,66,1171.0,166,266,0,0,40,86,54,126,131,244,375,116,37,95,372,1995,Oct,"Oct 15, 1995",7-0,213,240,109,Austria,,1,9,Toronto Raptors
NBA,2019 - 2020,Regular_Season,Frank Jackson,NOP,59,797.1,134,331,47,144,56,75,49,77,22,61,83,61,17,4,371,1998,May,"May 4, 1998",6-3,191,205,93,United States,Lone Peak High School,2,1,Charlotte Hornets
NBA,2019 - 2020,Regular_Season,Omari Spellman,GSW,49,886.0,127,295,43,110,73,92,54,63,77,142,219,47,33,24,370,1997,Jul,"Jul 21, 1997",6-9,206,245,111,United States,MacDuffie School,1,30,Atlanta Hawks
NBA,2019 - 2020,Regular_Season,Marco Belinelli,SAS,57,883.4,123,314,67,178,48,58,19,45,7,92,99,69,12,1,361,1986,Mar,"Mar 25, 1986",6-5,196,225,102,Italy,,1,18,Golden State Warriors
NBA,2019 - 2020,Regular_Season,Pat Connaughton,MIL,67,1243.0,137,301,55,166,31,40,52,70,60,224,284,107,25,31,360,1993,Jan,"Jan 6, 1993",6-4,193,209,95,United States,St. John's Prep,2,11,Brooklyn Nets
NBA,2019 - 2020,Regular_Season,Justin Jackson,DAL,65,1044.6,135,341,48,163,42,50,14,69,27,127,154,52,15,10,360,1995,Mar,"Mar 28, 1995",6-8,203,210,95,United States,Homeschool Christian Youth Association,1,15,Portland Trail Blazers
NBA,2019 - 2020,Regular_Season,Maurice Harkless,NYK,62,1426.8,142,283,34,98,39,66,53,148,55,185,240,68,58,33,357,1993,May,"May 11, 1993",6-9,206,220,100,United States / Puerto Rico,South Kent School,1,15,Philadelphia Sixers
NBA,2019 - 2020,Regular_Season,Frank Ntilikina,NYK,57,1186.6,131,333,44,137,51,59,71,142,23,98,121,172,54,16,357,1998,Jul,"Jul 28, 1998",6-6,198,200,91,Belgium / France,,1,8,New York Knicks
NBA,2019 - 2020,Regular_Season,Robin Lopez,MIL,66,958.2,147,299,35,105,28,53,63,96,56,105,161,45,10,45,357,1988,Apr,"Apr 1, 1988",7-0,213,275,125,United States,San Joaquin Memorial High School,1,15,Phoenix Suns
NBA,2019 - 2020,Regular_Season,Alex Caruso,LAL,64,1175.2,120,291,40,120,69,94,53,98,17,106,123,124,70,18,349,1994,Feb,"Feb 28, 1994",6-5,196,186,84,United States,A&M Consolidated High School,,,
NBA,2019 - 2020,Regular_Season,Draymond Green,GSW,43,1221.6,123,316,36,129,63,83,98,110,23,243,266,266,59,33,345,1990,Mar,"Mar 4, 1990",6-7,201,230,104,United States,Saginaw High School,2,5,Golden State Warriors
NBA,2019 - 2020,Regular_Season,Abdel Nader,OKC,55,867.0,123,263,48,128,51,66,43,78,14,86,100,38,23,20,345,1993,Sep,"Sep 25, 1993",6-6,198,225,102,United States / Egypt,Niles North High School,2,28,Boston Celtics
NBA,2019 - 2020,Regular_Season,Marvin Williams,MIL,58,1128.9,119,267,56,156,49,57,33,103,30,153,183,60,36,30,343,1986,Jun,"Jun 19, 1986",6-9,206,237,108,United States,Bremerton High School,1,2,Atlanta Hawks
NBA,2019 - 2020,Regular_Season,Rajon Rondo,LAL,48,984.2,137,328,41,125,27,41,91,58,23,119,142,240,40,2,342,1986,Feb,"Feb 22, 1986",6-1,185,186,84,United States,Oak Hill Academy,1,21,Phoenix Suns
NBA,2019 - 2020,Regular_Season,Darius Bazley,OKC,61,1129.6,125,317,49,141,43,62,45,55,30,216,246,41,23,41,342,2000,Jun,"Jun 12, 2000",6-8,203,208,94,United States,Princeton High School,1,23,Utah Jazz
NBA,2019 - 2020,Regular_Season,Mohamed Bamba,ORL,62,878.4,132,286,37,107,31,46,42,116,100,202,302,42,23,86,332,1998,May,"May 12, 1998",7-0,213,225,102,United States,Westtown School,1,6,Orlando Magic
NBA,2019 - 2020,Regular_Season,Isaac Bonga,WAS,66,1249.6,118,234,25,71,69,85,58,156,71,151,222,76,45,22,330,1999,Nov,"Nov 8, 1999",6-8,203,180,82,Germany,,2,9,Philadelphia Sixers
NBA,2019 - 2020,Regular_Season,Solomon Hill,MIA,59,1088.1,110,278,63,171,40,54,51,85,29,136,165,104,43,12,323,1991,Mar,"Mar 18, 1991",6-7,201,225,102,United States,Fairfax High School,1,23,Indiana Pacers
NBA,2019 - 2020,Regular_Season,Damyean Dotson,NYK,48,836.0,120,290,59,163,22,33,21,44,10,81,91,57,23,4,321,1994,May,"May 6, 1994",6-6,198,210,95,United States,Yates High School,2,14,New York Knicks
NBA,2019 - 2020,Regular_Season,Jerome Robinson,WAS,63,979.2,115,310,49,153,40,57,49,112,13,116,129,87,28,17,319,1997,Feb,"Feb 22, 1997",6-5,196,190,86,United States,Broughton High School,1,13,Los Angeles Clippers
NBA,2019 - 2020,Regular_Season,Torrey Craig,DEN,58,1071.9,124,269,45,138,22,36,25,135,63,126,189,47,23,36,315,1990,Dec,"Dec 19, 1990",6-7,201,215,98,United States,Great Falls High School,,,
NBA,2019 - 2020,Regular_Season,Damian Jones,ATL,55,887.0,121,178,2,9,62,84,28,149,74,132,206,35,26,40,306,1995,Jun,"Jun 30, 1995",7-0,213,245,111,United States,Scotlandville High School,1,30,Golden State Warriors
NBA,2019 - 2020,Regular_Season,Matisse Thybulle,PHI,65,1287.3,112,265,56,157,25,41,51,141,44,63,107,79,94,47,305,1997,Mar,"Mar 4, 1997",6-5,196,200,91,United States,Eastside Catholic High School,1,20,Boston Celtics
NBA,2019 - 2020,Regular_Season,Wesley Iwundu,ORL,52,953.2,97,233,28,82,78,97,26,80,24,107,131,60,25,13,300,1994,Dec,"Dec 20, 1994",6-7,201,195,88,United States,Spring Westfield High School,2,3,Orlando Magic
NBA,2019 - 2020,Regular_Season,Vince Carter,ATL,60,875.5,107,304,61,202,23,29,33,90,18,106,124,48,23,25,298,1977,Jan,"Jan 26, 1977",6-6,198,220,100,United States,Mainland High School,1,5,Golden State Warriors
NBA,2019 - 2020,Regular_Season,Patrick Patterson,LAC,59,776.1,95,233,67,172,35,43,21,54,35,116,151,41,7,3,292,1989,Mar,"Mar 14, 1989",6-9,206,230,104,United States,Huntington High School,1,14,Houston Rockets
NBA,2019 - 2020,Regular_Season,Jevon Carter,PHX,58,945.0,101,243,62,146,23,27,32,86,30,88,118,84,47,17,287,1995,Sep,"Sep 14, 1995",6-2,188,200,91,United States,Proviso East High School,2,2,Memphis Grizzlies
NBA,2019 - 2020,Regular_Season,Tony Bradley,UTA,58,663.2,126,189,3,3,30,46,30,115,111,156,267,23,14,33,285,1998,Jan,"Jan 8, 1998",6-11,211,248,112,United States,Bartow High School,1,28,Los Angeles Lakers
NBA,2019 - 2020,Regular_Season,Thon Maker,DET,60,776.0,93,193,22,64,73,110,45,102,54,113,167,43,25,39,281,1997,Feb,"Feb 25, 1997",7-1,216,221,100,South Sudan / Australia,Athlete Institute Prep,1,10,Milwaukee Bucks
NBA,2019 - 2020,Regular_Season,Raulzinho Neto,PHI,54,667.5,101,222,34,88,39,47,47,50,11,50,61,95,24,6,275,1992,May,"May 19, 1992",6-1,185,179,81,Brazil,,2,17,Atlanta Hawks
NBA,2019 - 2020,Regular_Season,Sterling Brown,MIL,52,766.6,95,256,44,136,32,40,42,54,31,152,183,51,29,7,266,1995,Feb,"Feb 10, 1995",6-6,198,232,105,United States,Proviso East High School,2,16,Philadelphia Sixers
NBA,2019 - 2020,Regular_Season,Ryan Arcidiacono,CHI,58,929.9,90,220,54,138,27,38,37,96,20,90,110,96,27,3,261,1994,Mar,"Mar 26, 1994",6-3,191,208,94,United States,Neshaminy High School,,,
NBA,2019 - 2020,Regular_Season,Mario Hezonja,POR,53,871.4,92,218,24,78,48,59,42,107,30,154,184,50,36,9,256,1995,Feb,"Feb 25, 1995",6-8,203,220,100,Croatia,,1,5,Orlando Magic
NBA,2019 - 2020,Regular_Season,DeAndre' Bembry,ATL,43,915.3,104,228,15,65,26,48,60,84,34,118,152,81,55,19,249,1994,Jul,"Jul 4, 1994",6-6,198,210,95,United States,St. Patrick High School,1,21,Atlanta Hawks
NBA,2019 - 2020,Regular_Season,Treveon Graham,ATL,55,929.5,87,242,33,120,36,56,29,102,51,99,150,45,24,6,243,1993,Oct,"Oct 28, 1993",6-5,196,225,102,United States,St. Mary's Ryken High School,,,
NBA,2019 - 2020,Regular_Season,Bruno Fernando,ATL,56,712.6,103,199,5,37,29,51,42,107,67,131,198,49,18,17,240,1998,Aug,"Aug 15, 1998",6-10,208,240,109,Angola,IMG Academy,2,4,Philadelphia Sixers
NBA,2019 - 2020,Regular_Season,Cody Martin,CHA,48,902.7,89,207,18,77,42,65,44,78,38,120,158,95,39,9,238,1995,Sep,"Sep 28, 1995",6-7,201,205,93,United States,Oak Hill Academy,2,6,Charlotte Hornets
NBA,2019 - 2020,Regular_Season,Grant Williams,BOS,69,1043.2,87,211,24,96,39,54,50,163,59,119,178,68,30,36,237,1998,Nov,"Nov 30, 1998",6-7,201,236,107,United States,Providence Day School,1,22,Boston Celtics
NBA,2019 - 2020,Regular_Season,Semi Ojeleye,BOS,69,1010.5,80,196,48,127,28,32,19,80,26,119,145,37,21,5,236,1994,Dec,"Dec 5, 1994",6-7,201,241,109,United States,Ottawa High School,2,7,Boston Celtics
NBA,2019 - 2020,Regular_Season,Rodney Hood,POR,21,618.7,87,172,35,71,21,27,19,46,10,62,72,32,17,4,230,1992,Oct,"Oct 20, 1992",6-8,203,205,93,United States,Meridian High School,1,23,Utah Jazz
NBA,2019 - 2020,Regular_Season,Dwayne Bacon,CHA,39,687.3,85,244,19,67,35,53,37,52,15,85,100,52,23,2,224,1995,Aug,"Aug 30, 1995",6-7,201,221,100,United States,Oak Hill Academy,2,10,New Orleans Pelicans
NBA,2019 - 2020,Regular_Season,Terrance Ferguson,OKC,56,1257.5,78,220,49,168,15,20,31,155,23,51,74,51,27,17,220,1998,May,"May 17, 1998",6-7,201,190,86,United States,Prime Prep Academy,1,21,Oklahoma City Thunder
NBA,2019 - 2020,Regular_Season,Elie Okobo,PHX,55,718.7,72,181,25,71,50,71,38,54,16,74,90,115,24,4,219,1997,Oct,"Oct 23, 1997",6-3,191,190,86,France,,2,1,Phoenix Suns
NBA,2019 - 2020,Regular_Season,Anthony Tolliver,MEM,55,871.9,65,182,49,145,21,29,34,74,34,120,154,42,19,11,200,1985,Jun,"Jun 1, 1985",6-8,203,245,111,United States,Kickapoo High School,,,
NBA,2019 - 2020,Regular_Season,Skal Labissiere,POR,33,566.9,81,147,3,13,25,33,30,89,65,104,169,42,7,31,190,1996,Mar,"Mar 18, 1996",6-11,211,235,107,Haiti,Reach Your Dreams Academy,1,28,Phoenix Suns
NBA,2019 - 2020,Regular_Season,Rodney McGruder,LAC,56,870.9,72,181,24,89,19,34,24,74,29,122,151,36,26,8,187,1991,Jul,"Jul 29, 1991",6-4,193,200,91,United States,Arlington Country Day School ,,,
NBA,2019 - 2020,Regular_Season,Matt Dellavedova,CLE,57,820.7,62,175,21,91,32,37,59,78,18,57,75,180,20,2,177,1990,Sep,"Sep 8, 1990",6-4,193,200,91,Australia,Australian Institute of Sport,,,
NBA,2019 - 2020,Regular_Season,Goga Bitadze,IND,54,471.3,70,150,8,42,24,33,28,65,25,81,106,23,10,37,172,1999,Jul,"Jul 20, 1999",6-11,211,245,111,Georgia,,1,18,Indiana Pacers
NBA,2019 - 2020,Regular_Season,Nassir Little,POR,48,572.5,65,151,14,59,28,44,15,72,31,77,108,22,13,14,172,2000,Feb,"Feb 11, 2000",6-6,198,220,100,United States,Orlando Christian Prep High School,1,25,Portland Trail Blazers
NBA,2019 - 2020,Regular_Season,David Nwaba,BRK,20,268.5,37,71,12,28,18,27,8,32,8,37,45,8,11,12,104,1993,Jan,"Jan 14, 1993",6-4,193,219,99,United States,University City High School,,,
NBA,2019 - 2020,Regular_Season,Al-Farouq Aminu,ORL,18,380.1,25,86,9,36,19,29,17,27,24,63,87,21,18,8,78,1990,Sep,"Sep 21, 1990",6-9,206,220,100,United States / Nigeria,Norcross High School,1,8,Los Angeles Clippers
NBA,2019 - 2020,Playoffs,Anthony Davis,LAL,21,768.9,205,359,23,60,149,179,53,56,55,149,204,73,26,30,582,1993,Mar,"Mar 11, 1993",6-10,208,253,115,United States,Perspectives Charter Academy,1,1,New Orleans Pelicans
NBA,2019 - 2020,Playoffs,LeBron James,LAL,21,761.7,214,382,44,119,108,150,84,40,28,198,226,184,25,18,580,1984,Dec,"Dec 30, 1984",6-8,203,250,113,United States,St. Vincent St. Mary High School,1,1,Cleveland Cavaliers
NBA,2019 - 2020,Playoffs,Jamal Murray,DEN,19,753.0,186,368,62,137,70,78,53,42,20,72,92,126,18,6,504,1997,Feb,"Feb 23, 1997",6-4,193,207,94,Canada,Athlete Institute Prep,1,7,Denver Nuggets
NBA,2019 - 2020,Playoffs,Jimmy Butler,MIA,21,806.5,144,295,15,43,164,191,59,37,46,90,136,127,41,14,467,1989,Sep,"Sep 14, 1989",6-8,203,232,105,United States,Tomball High School,1,30,Chicago Bulls
NBA,2019 - 2020,Playoffs,Nikola Jokic,DEN,19,694.4,178,343,42,98,66,79,62,68,37,150,187,109,20,15,464,1995,Feb,"Feb 19, 1995",7-0,213,250,113,Serbia,,2,11,Denver Nuggets
NBA,2019 - 2020,Playoffs,Jayson Tatum,BOS,17,690.3,145,334,47,126,100,123,48,41,22,148,170,85,17,20,437,1998,Mar,"Mar 3, 1998",6-8,203,208,94,United States,Chaminade College Preparatory School,1,3,Boston Celtics
NBA,2019 - 2020,Playoffs,Jaylen Brown,BOS,17,672.0,137,288,43,120,53,63,41,48,24,103,127,39,26,9,370,1996,Oct,"Oct 24, 1996",6-7,201,220,100,United States,Joseph Wheeler High School,1,3,Boston Celtics
NBA,2019 - 2020,Playoffs,Kawhi Leonard,LAC,13,510.9,131,268,24,73,81,94,33,29,24,97,121,72,30,11,367,1991,Jun,"Jun 29, 1991",6-7,201,230,104,United States,Martin Luther King High School,1,15,Indiana Pacers
NBA,2019 - 2020,Playoffs,James Harden,HOU,12,447.8,109,228,39,117,98,116,45,43,12,55,67,92,18,10,355,1989,Aug,"Aug 26, 1989",6-5,196,220,100,United States,Artesia High School,1,3,Oklahoma City Thunder
NBA,2019 - 2020,Playoffs,Bam Adebayo,MIA,19,687.1,124,220,0,1,90,115,47,58,47,149,196,84,19,16,338,1997,Jul,"Jul 18, 1997",6-10,208,255,116,United States,High Point Christian Academy,1,14,Miami Heat
NBA,2019 - 2020,Playoffs,Tyler Herro,MIA,21,706.5,120,277,48,128,47,54,42,31,7,100,107,77,8,2,335,2000,Jan,"Jan 20, 2000",6-6,198,195,88,United States,Whitnall High School,1,13,Miami Heat
NBA,2019 - 2020,Playoffs,Kemba Walker,BOS,17,627.8,113,256,39,126,69,81,32,43,6,63,69,86,15,7,334,1990,May,"May 8, 1990",6-1,185,184,83,United States,Rice High School,1,9,Charlotte Hornets
NBA,2019 - 2020,Playoffs,Goran Dragic,MIA,17,553.0,119,268,37,107,49,61,39,50,13,56,69,75,17,2,324,1986,May,"May 6, 1986",6-3,191,190,86,Slovenia,,2,15,San Antonio Spurs
NBA,2019 - 2020,Playoffs,Paul George,LAC,13,478.8,88,221,37,111,50,55,40,49,14,65,79,49,19,7,263,1990,May,"May 2, 1990",6-9,206,220,100,United States,Pete Knight High School,1,10,Indiana Pacers
NBA,2019 - 2020,Playoffs,Donovan Mitchell,UTA,7,263.6,83,157,33,64,55,58,29,11,6,29,35,34,7,2,254,1996,Sep,"Sep 7, 1996",6-3,191,215,98,United States,Brewster Academy,1,13,Denver Nuggets
NBA,2019 - 2020,Playoffs,Jae Crowder,MIA,21,660.0,81,201,55,161,35,46,15,55,11,106,117,39,14,12,252,1990,Jul,"Jul 6, 1990",6-6,198,235,107,United States,Villa Rica High School,2,4,Cleveland Cavaliers
NBA,2019 - 2020,Playoffs,Marcus Smart,BOS,17,647.6,78,198,41,123,49,56,45,55,10,79,89,78,21,8,246,1994,Mar,"Mar 6, 1994",6-4,193,220,100,United States,Marcus High School,1,6,Boston Celtics
NBA,2019 - 2020,Playoffs,Duncan Robinson,MIA,21,600.2,75,176,62,156,33,38,16,65,5,53,58,38,14,6,245,1994,Apr,"Apr 22, 1994",6-8,203,210,95,United States,Phillips Exeter Academy,,,
NBA,2019 - 2020,Playoffs,Giannis Antetokounmpo,MIL,9,277.3,90,161,13,40,47,81,30,31,27,97,124,51,6,8,240,1994,Dec,"Dec 6, 1994",6-11,211,242,110,Greece / Nigeria,,1,15,Milwaukee Bucks
NBA,2019 - 2020,Playoffs,Kentavious Caldwell-Pope,LAL,21,608.3,79,189,45,119,22,27,15,40,8,36,44,28,21,4,225,1993,Feb,"Feb 18, 1993",6-5,196,205,93,United States,Greenville High School,1,8,Detroit Pistons
NBA,2019 - 2020,Playoffs,Jerami Grant,DEN,19,652.7,71,175,31,95,48,54,25,59,8,55,63,25,11,15,221,1994,Mar,"Mar 12, 1994",6-9,206,220,100,United States,DeMatha Catholic High School,2,9,Philadelphia Sixers
NBA,2019 - 2020,Playoffs,"Michael Porter, Jr.",DEN,19,451.1,78,164,34,89,26,35,25,43,21,106,127,16,13,6,216,1998,Jun,"Jun 29, 1998",6-10,208,210,95,United States,Nathan Hale High School,1,14,Denver Nuggets
NBA,2019 - 2020,Playoffs,Fred VanVleet,TOR,11,429.9,76,190,43,110,21,25,22,27,5,43,48,76,18,7,216,1994,Feb,"Feb 25, 1994",6-0,183,195,88,United States,Auburn High School,,,
NBA,2019 - 2020,Playoffs,Kyle Kuzma,LAL,21,484.1,77,179,26,83,29,37,21,50,18,47,65,17,6,7,209,1995,Jul,"Jul 24, 1995",6-9,206,220,100,United States,Rise Academy,1,27,Brooklyn Nets
NBA,2019 - 2020,Playoffs,Eric Gordon,HOU,12,409.6,72,176,29,90,35,40,24,26,6,26,32,36,10,7,208,1988,Dec,"Dec 25, 1988",6-4,193,215,98,United States,North Central High School,1,7,Los Angeles Clippers
NBA,2019 - 2020,Playoffs,Khris Middleton,MIL,10,355.3,71,180,23,65,38,46,34,41,5,64,69,60,11,2,203,1991,Aug,"Aug 12, 1991",6-8,203,222,101,United States,Porter-Gaud High School,2,9,Detroit Pistons
NBA,2019 - 2020,Playoffs,Kyle Lowry,TOR,11,413.1,62,148,23,72,48,60,28,40,8,64,72,64,19,8,195,1986,Mar,"Mar 25, 1986",6-1,185,196,89,United States,Cardinal Dougherty High School,1,24,Memphis Grizzlies
NBA,2019 - 2020,Playoffs,Pascal Siakam,TOR,11,418.2,72,182,10,53,33,46,22,33,14,69,83,42,12,4,187,1994,Apr,"Apr 2, 1994",6-9,206,230,104,Cameroon,God's Academy,1,27,Toronto Raptors
NBA,2019 - 2020,Playoffs,Luka Doncic,DAL,6,214.6,64,128,16,44,42,64,31,17,4,55,59,52,7,3,186,1999,Feb,"Feb 28, 1999",6-7,201,218,99,Slovenia,,1,3,Atlanta Hawks
NBA,2019 - 2020,Playoffs,Monte Morris,DEN,19,405.9,66,133,12,40,28,34,10,20,4,25,29,52,12,2,172,1995,Jun,"Jun 27, 1995",6-3,191,175,79,United States,Flint Beecher High School,2,21,Denver Nuggets
NBA,2019 - 2020,Playoffs,Danny Green,LAL,21,524.7,59,170,39,115,10,15,12,48,25,41,66,26,20,16,167,1987,Jun,"Jun 22, 1987",6-6,198,215,98,United States,St. Mary's High School,2,16,Cleveland Cavaliers
NBA,2019 - 2020,Playoffs,Lou Williams,LAC,13,341.2,62,146,12,51,30,37,21,18,7,34,41,55,10,2,166,1986,Oct,"Oct 27, 1986",6-1,185,175,79,United States,South Gwinnett High School,2,15,Philadelphia Sixers
NBA,2019 - 2020,Playoffs,Serge Ibaka,TOR,11,251.4,63,110,23,45,14,14,12,27,17,68,85,13,2,14,163,1989,Sep,"Sep 18, 1989",6-10,208,235,107,Republic of the Congo / Spain,,1,24,Seattle SuperSonics
NBA,2019 - 2020,Playoffs,Brook Lopez,MIL,10,327.8,61,114,21,53,15,20,12,27,19,36,55,5,10,13,158,1988,Apr,"Apr 1, 1988",7-0,213,270,122,United States,San Joaquin Memorial High School,1,10,New Jersey Nets
NBA,2019 - 2020,Playoffs,Marcus Morris,LAC,13,388.3,56,111,28,59,13,14,9,39,11,52,63,21,11,1,153,1989,Sep,"Sep 2, 1989",6-9,206,235,107,United States,APEX Academy,1,14,Houston Rockets
NBA,2019 - 2020,Playoffs,Daniel Theis,BOS,17,482.0,61,117,4,26,26,33,15,66,32,89,121,25,6,21,152,1992,Apr,"Apr 4, 1992",6-8,203,243,110,Germany,,,,
NBA,2019 - 2020,Playoffs,Paul Millsap,DEN,19,459.4,47,118,15,44,43,54,25,49,26,63,89,23,12,9,152,1985,Feb,"Feb 10, 1985",6-8,203,246,112,United States,Grambling Laboratory High School,2,17,Utah Jazz
NBA,2019 - 2020,Playoffs,Chris Paul,OKC,7,261.2,55,112,16,43,23,26,23,18,3,49,52,37,11,3,149,1985,May,"May 6, 1985",6-0,183,175,79,United States,West Forsyth High School,1,4,New Orleans Pelicans
NBA,2019 - 2020,Playoffs,Norman Powell,TOR,11,273.2,51,104,22,52,23,29,11,29,4,22,26,11,6,3,147,1993,May,"May 25, 1993",6-4,193,215,98,United States,Lincoln High School ,2,16,Milwaukee Bucks
NBA,2019 - 2020,Playoffs,Rajon Rondo,LAL,16,395.4,55,121,20,50,13,19,34,36,13,56,69,105,23,2,143,1986,Feb,"Feb 22, 1986",6-1,185,186,84,United States,Oak Hill Academy,1,21,Phoenix Suns
NBA,2019 - 2020,Playoffs,Russell Westbrook,HOU,8,261.7,59,140,8,33,17,32,30,23,11,45,56,37,12,2,143,1988,Nov,"Nov 12, 1988",6-3,191,200,91,United States,Leuzinger High School,1,4,Seattle SuperSonics
NBA,2019 - 2020,Playoffs,Nikola Vucevic,ORL,5,184.7,56,111,18,44,10,11,13,13,9,46,55,20,4,3,140,1990,Oct,"Oct 24, 1990",7-0,213,260,118,Switzerland / Montenegro,Stoneridge Prep,1,16,Philadelphia Sixers
NBA,2019 - 2020,Playoffs,Jeff Green,HOU,12,341.3,51,103,23,54,14,17,15,27,5,55,60,19,6,6,139,1986,Aug,"Aug 28, 1986",6-9,206,235,107,United States,Northwestern High School,1,5,Boston Celtics
NBA,2019 - 2020,Playoffs,Alex Caruso,LAL,21,509.8,48,113,17,61,24,30,31,55,15,33,48,59,23,12,137,1994,Feb,"Feb 28, 1994",6-5,196,186,84,United States,A&M Consolidated High School,,,
NBA,2019 - 2020,Playoffs,Montrezl Harrell,LAC,13,243.2,47,82,1,5,41,68,12,28,11,27,38,5,5,7,136,1994,Jan,"Jan 26, 1994",6-8,203,240,109,United States,Hargrave Military Academy ,2,2,Houston Rockets
NBA,2019 - 2020,Playoffs,Robert Covington,HOU,12,378.7,47,95,34,68,6,7,12,45,8,52,60,17,30,13,134,1990,Dec,"Dec 14, 1990",6-9,206,225,102,United States,Proviso West High School,,,
NBA,2019 - 2020,Playoffs,Kelly Olynyk,MIA,17,258.4,45,95,17,49,23,28,13,35,13,66,79,19,4,8,130,1991,Apr,"Apr 19, 1991",7-0,213,240,109,Canada,Kamloops High School,1,13,Dallas Mavericks
NBA,2019 - 2020,Playoffs,Markieff Morris,LAL,21,385.4,44,98,29,69,7,9,17,54,12,52,64,20,6,3,124,1989,Sep,"Sep 2, 1989",6-10,208,245,111,United States,APEX Academy,1,13,Phoenix Suns
NBA,2019 - 2020,Playoffs,Dennis Schroder,OKC,7,226.9,44,109,13,45,20,25,17,15,2,24,26,25,4,1,121,1993,Sep,"Sep 15, 1993",6-1,185,172,78,Germany,,1,17,Atlanta Hawks
NBA,2019 - 2020,Playoffs,Joel Embiid,PHI,4,144.6,34,74,4,16,48,59,15,18,11,38,49,5,6,5,120,1994,Mar,"Mar 16, 1994",7-0,213,250,113,Cameroon,The Rock High School,1,3,Philadelphia Sixers
NBA,2019 - 2020,Playoffs,Ivica Zubac,LAC,13,320.3,44,78,0,0,30,37,12,34,31,62,93,8,2,10,118,1997,Mar,"Mar 18, 1997",7-1,216,240,109,Bosnia and Herzegovina / Croatia,,2,2,Los Angeles Lakers
NBA,2019 - 2020,Playoffs,Rudy Gobert,UTA,7,270.3,48,74,0,0,22,42,9,26,24,56,80,8,4,10,118,1992,Jun,"Jun 26, 1992",7-1,216,245,111,France,,1,27,Denver Nuggets
NBA,2019 - 2020,Playoffs,Jordan Clarkson,UTA,7,200.1,45,97,17,49,10,10,7,15,2,22,24,15,6,0,117,1992,Jun,"Jun 7, 1992",6-5,196,194,88,United States,Wagner High School,2,16,Washington Wizards
NBA,2019 - 2020,Playoffs,C.J. McCollum,POR,5,196.2,44,99,13,35,15,22,15,10,5,24,29,16,6,2,116,1991,Sep,"Sep 19, 1991",6-3,191,190,86,United States,Glen Oak High School,1,10,Portland Trail Blazers
NBA,2019 - 2020,Playoffs,Ogugua Anunoby,TOR,11,393.0,40,88,17,41,18,28,16,27,26,50,76,13,11,13,115,1997,Jul,"Jul 17, 1997",6-8,203,232,105,England / United States,Jefferson City High School,1,23,Toronto Raptors
NBA,2019 - 2020,Playoffs,Shai Gilgeous-Alexander,OKC,7,279.0,39,90,14,35,22,23,15,17,3,34,37,29,7,3,114,1998,Jul,"Jul 12, 1998",6-6,198,181,82,Canada,Hamilton Heights Christian Academy,1,11,Charlotte Hornets
NBA,2019 - 2020,Playoffs,Tim Hardaway Jr.,DAL,6,203.6,40,95,19,54,8,11,3,16,3,18,21,11,2,0,107,1992,Mar,"Mar 16, 1992",6-6,198,205,93,United States,Palmetto High School,1,24,New York Knicks
NBA,2019 - 2020,Playoffs,Eric Bledsoe,MIL,9,267.1,38,98,8,32,21,26,23,20,5,36,41,53,11,6,105,1989,Dec,"Dec 9, 1989",6-1,185,205,93,United States,Parker High School,1,18,Oklahoma City Thunder
NBA,2019 - 2020,Playoffs,Danilo Gallinari,OKC,7,211.8,32,79,12,37,29,30,15,11,5,33,38,7,5,1,105,1988,Aug,"Aug 8, 1988",6-10,208,233,106,Italy,,1,6,New York Knicks
NBA,2019 - 2020,Playoffs,Dwight Howard,LAL,18,282.0,39,57,1,2,25,45,16,55,32,51,83,9,8,8,104,1985,Dec,"Dec 8, 1985",6-11,211,265,120,United States,Southwest Atlanta Christian Academy,1,1,Orlando Magic
NBA,2019 - 2020,Playoffs,Gary Harris,DEN,14,379.3,34,90,19,52,17,22,21,45,7,21,28,24,16,4,104,1994,Sep,"Sep 14, 1994",6-4,193,210,95,United States,Hamilton Southeastern High School,1,19,Chicago Bulls
NBA,2019 - 2020,Playoffs,Danuel House,HOU,9,279.1,37,85,19,53,10,13,7,22,10,42,52,13,8,0,103,1993,Jun,"Jun 7, 1993",6-7,201,215,98,United States,Hightower High School,,,
NBA,2019 - 2020,Playoffs,Mike Conley,UTA,5,164.9,31,64,18,34,19,22,5,10,3,11,14,26,8,1,99,1987,Oct,"Oct 11, 1987",6-1,185,175,79,United States,Lawrence North High School,1,4,Memphis Grizzlies
NBA,2019 - 2020,Playoffs,Damian Lillard,POR,4,142.6,26,64,13,33,32,33,14,4,1,13,14,17,2,1,97,1990,Jul,"Jul 15, 1990",6-3,191,195,88,United States,Oakland High School,1,6,Portland Trail Blazers
NBA,2019 - 2020,Playoffs,P.J. Tucker,HOU,12,414.1,35,88,25,67,0,0,12,47,23,63,86,17,13,3,95,1985,May,"May 5, 1985",6-6,198,245,111,United States,Enloe High School,2,5,Toronto Raptors
NBA,2019 - 2020,Playoffs,George Hill,MIL,10,268.4,32,67,10,28,21,26,16,17,5,19,24,31,6,0,95,1986,May,"May 4, 1986",6-3,191,188,85,United States,Broad Ripple High School,1,26,San Antonio Spurs
NBA,2019 - 2020,Playoffs,Kendrick Nunn,MIA,15,239.2,36,92,12,43,8,8,12,21,3,29,32,20,3,3,92,1995,Aug,"Aug 3, 1995",6-3,191,195,88,United States,Simeon Career Academy ,,,
NBA,2019 - 2020,Playoffs,Malcolm Brogdon,IND,4,159.8,26,65,9,24,25,28,10,10,0,17,17,40,4,0,86,1992,Dec,"Dec 11, 1992",6-5,196,229,104,United States,Greater Atlanta Christian School,2,6,Milwaukee Bucks
NBA,2019 - 2020,Playoffs,Torrey Craig,DEN,19,375.5,33,78,11,42,9,13,9,44,13,49,62,13,7,7,86,1990,Dec,"Dec 19, 1990",6-7,201,215,98,United States,Great Falls High School,,,
NBA,2019 - 2020,Playoffs,Brad Wanamaker,BOS,17,272.7,29,60,12,27,14,16,18,32,2,32,34,30,12,4,84,1989,Jul,"Jul 25, 1989",6-4,193,210,95,United States,Roman Catholic High School for Boys,,,
NBA,2019 - 2020,Playoffs,Terrence Ross,ORL,5,135.1,30,64,10,30,12,14,8,14,1,21,22,5,4,1,82,1991,Feb,"Feb 5, 1991",6-7,201,206,93,United States,Jefferson High School,1,8,Toronto Raptors
NBA,2019 - 2020,Playoffs,Caris LeVert,BRK,4,139.6,27,73,9,21,18,25,13,7,8,15,23,38,5,1,81,1994,Aug,"Aug 25, 1994",6-7,201,204,93,United States,Pickerington High School Central,1,20,Indiana Pacers
NBA,2019 - 2020,Playoffs,T.J. Warren,IND,4,156.3,32,68,7,19,9,9,11,16,5,20,25,12,9,1,80,1993,Sep,"Sep 5, 1993",6-8,203,215,98,United States,Word of God Christian Academy,1,14,Phoenix Suns
NBA,2019 - 2020,Playoffs,Andre Iguodala,MIA,21,409.7,30,65,14,39,5,7,14,44,11,43,54,31,17,13,79,1984,Jan,"Jan 28, 1984",6-6,198,215,98,United States,Lanphier High School,1,9,Philadelphia Sixers
NBA,2019 - 2020,Playoffs,JaMychal Green,LAC,13,221.7,31,55,10,23,7,9,5,29,13,36,49,7,2,3,79,1990,Jun,"Jun 21, 1990",6-9,206,227,103,United States,St. Jude High School,,,
NBA,2019 - 2020,Playoffs,Seth Curry,DAL,6,172.7,31,53,10,21,5,5,8,14,2,9,11,8,6,0,77,1990,Aug,"Aug 23, 1990",6-2,188,185,84,United States,Charlotte Christian School,,,
NBA,2019 - 2020,Playoffs,Carmelo Anthony,POR,5,175.6,28,68,8,19,12,14,13,20,1,24,25,10,5,2,76,1984,May,"May 29, 1984",6-8,203,240,109,United States,Oak Hill Academy,1,3,Denver Nuggets
NBA,2019 - 2020,Playoffs,Luguentz Dort,OKC,6,174.9,27,76,13,50,8,15,15,25,5,17,22,6,2,6,75,1999,Apr,"Apr 19, 1999",6-4,193,215,98,Canada,Athlete Institute Prep,,,
NBA,2019 - 2020,Playoffs,Trey Burke,DAL,6,156.4,30,59,8,17,6,10,6,14,2,17,19,12,8,2,74,1992,Nov,"Nov 12, 1992",6-1,185,175,79,United States,Northland High School,1,9,Minnesota Timberwolves
NBA,2019 - 2020,Playoffs,Wesley Matthews,MIL,10,246.3,24,57,17,43,7,10,7,20,6,12,18,9,9,4,72,1986,Oct,"Oct 14, 1986",6-5,196,220,100,United States,James Madison Memorial High School,,,
NBA,2019 - 2020,Playoffs,Steven Adams,OKC,7,210.3,31,52,0,1,9,20,16,10,34,47,81,9,4,2,71,1993,Jul,"Jul 20, 1993",7-0,213,265,120,New Zealand,Scots College,1,12,Oklahoma City Thunder
NBA,2019 - 2020,Playoffs,Jusuf Nurkic,POR,5,161.2,25,57,3,11,18,23,13,21,14,39,53,18,7,1,71,1994,Aug,"Aug 23, 1994",7-0,213,290,132,Bosnia and Herzegovina,,1,16,Chicago Bulls
NBA,2019 - 2020,Playoffs,Kristaps Porzingis,DAL,3,94.3,21,40,9,17,20,23,3,9,3,23,26,2,0,3,71,1995,Aug,"Aug 2, 1995",7-3,221,240,109,Latvia,,1,4,New York Knicks
NBA,2019 - 2020,Playoffs,Victor Oladipo,IND,4,122.5,22,56,12,33,15,16,14,14,0,13,13,10,9,0,71,1992,May,"May 4, 1992",6-4,193,210,95,United States,DeMatha Catholic High School,1,2,Orlando Magic
NBA,2019 - 2020,Playoffs,Landry Shamet,LAC,13,243.1,24,59,15,42,5,7,13,18,0,22,22,17,6,3,68,1997,Mar,"Mar 13, 1997",6-5,196,190,86,United States,Park Hill High School,1,26,Philadelphia Sixers
NBA,2019 - 2020,Playoffs,Josh Richardson,PHI,4,144.2,20,56,10,28,17,18,8,12,4,11,15,13,2,2,67,1993,Sep,"Sep 15, 1993",6-6,198,200,91,United States,Edmond Santa Fe High School,2,10,Miami Heat
NBA,2019 - 2020,Playoffs,Marc Gasol,TOR,11,227.8,25,64,5,27,11,15,16,32,4,44,48,29,5,7,66,1985,Jan,"Jan 29, 1985",7-1,216,255,116,Spain,Lausanne Collegiate School,2,18,Los Angeles Lakers
NBA,2019 - 2020,Playoffs,Donte DiVincenzo,MIL,10,164.8,23,51,7,21,13,20,10,21,8,24,32,12,7,3,66,1997,Jan,"Jan 31, 1997",6-4,193,203,92,United States,Salesianum School,1,17,Milwaukee Bucks
NBA,2019 - 2020,Playoffs,D.J. Augustin,ORL,5,127.8,18,46,8,17,22,23,12,6,0,10,10,30,1,0,66,1987,Nov,"Nov 10, 1987",6-0,183,183,83,United States,Hightower High School,1,9,Charlotte Hornets
NBA,2019 - 2020,Playoffs,Joe Ingles,UTA,7,234.3,22,54,14,40,6,6,4,15,1,23,24,33,4,1,64,1987,Oct,"Oct 2, 1987",6-8,203,226,103,Australia,Australian Institute of Sport,,,
NBA,2019 - 2020,Playoffs,Evan Fournier,ORL,5,170.6,20,57,12,35,12,17,9,10,3,17,20,13,6,3,64,1992,Oct,"Oct 29, 1992",6-7,201,205,93,France,,1,20,Denver Nuggets
NBA,2019 - 2020,Playoffs,Timothe Luwawu-Cabarrot,BRK,4,131.3,20,59,13,39,11,12,8,14,1,14,15,6,3,0,64,1995,May,"May 9, 1995",6-6,198,210,95,France,,1,24,Philadelphia Sixers
NBA,2019 - 2020,Playoffs,Myles Turner,IND,4,145.5,25,44,6,14,7,16,9,13,11,32,43,3,2,16,63,1996,Mar,"Mar 24, 1996",6-11,211,250,113,United States,Trinity High School,1,11,Indiana Pacers
NBA,2019 - 2020,Playoffs,Tobias Harris,PHI,4,148.6,23,60,2,15,15,19,5,11,14,24,38,16,2,1,63,1992,Jul,"Jul 15, 1992",6-9,206,235,107,United States,Half Hollow Hills West High School,1,19,Charlotte Hornets
NBA,2019 - 2020,Playoffs,Kyle Korver,MIL,10,118.7,20,47,15,37,7,7,5,9,1,7,8,1,3,1,62,1981,Mar,"Mar 17, 1981",6-7,201,212,96,United States,Pella High School,2,22,New Jersey Nets
NBA,2019 - 2020,Playoffs,Dorian Finney-Smith,DAL,6,190.6,23,52,11,30,4,5,9,22,12,22,34,19,7,3,61,1993,May,"May 4, 1993",6-8,203,220,100,United States,I.C. Norcom High School,,,
NBA,2019 - 2020,Playoffs,Markelle Fultz,ORL,5,146.7,24,60,6,16,6,7,13,20,0,11,11,26,5,3,60,1998,May,"May 29, 1998",6-4,193,200,91,United States,DeMatha Catholic High School,1,1,Philadelphia Sixers
NBA,2019 - 2020,Playoffs,Reggie Jackson,LAC,12,169.9,21,48,17,32,0,0,5,18,2,19,21,11,2,1,59,1990,Apr,"Apr 16, 1990",6-3,191,208,94,Italy / United States,Palmer High School,1,24,Oklahoma City Thunder
NBA,2019 - 2020,Playoffs,Georges Niang,UTA,7,114.1,22,44,12,29,2,2,2,9,4,11,15,4,0,1,58,1993,Jun,"Jun 17, 1993",6-8,203,230,104,United States,Tilton School,2,20,Indiana Pacers
NBA,2019 - 2020,Playoffs,Shake Milton,PHI,4,125.9,21,44,10,25,6,7,6,13,1,12,13,11,2,0,58,1996,Sep,"Sep 26, 1996",6-6,198,207,94,United States,Owasso High School,2,24,Dallas Mavericks
NBA,2019 - 2020,Playoffs,Austin Rivers,HOU,12,211.0,19,61,9,35,10,13,8,22,2,28,30,16,7,1,57,1992,Aug,"Aug 1, 1992",6-4,193,200,91,United States,Winter Park High School,1,10,New Orleans Pelicans
NBA,2019 - 2020,Playoffs,Marvin Williams,MIL,10,178.7,21,47,10,23,3,3,3,14,13,35,48,9,5,3,55,1986,Jun,"Jun 19, 1986",6-9,206,237,108,United States,Bremerton High School,1,2,Atlanta Hawks
NBA,2019 - 2020,Playoffs,Tyler Johnson,BRK,4,92.8,21,46,11,28,2,2,3,11,0,7,7,9,0,1,55,1992,May,"May 7, 1992",6-4,193,190,86,United States,St. Francis High School,,,
NBA,2019 - 2020,Playoffs,Gordon Hayward,BOS,5,157.2,20,50,7,24,7,8,7,10,3,17,20,14,7,2,54,1990,Mar,"Mar 23, 1990",6-8,203,225,102,United States,Brownsburg High School,1,9,Utah Jazz
NBA,2019 - 2020,Playoffs,Patrick Beverley,LAC,8,166.3,20,39,8,22,2,4,7,31,9,24,33,19,8,3,50,1988,Jul,"Jul 12, 1988",6-1,185,185,84,United States,John Marshall Metropolitan High School,2,12,Los Angeles Lakers
NBA,2019 - 2020,Playoffs,Enes Kanter,BOS,11,102.4,22,42,1,1,5,10,4,19,19,24,43,7,0,0,50,1992,May,"May 20, 1992",6-11,211,250,113,Switzerland / Turkey,Stoneridge Prep,1,3,Utah Jazz
NBA,2019 - 2020,Playoffs,Robert Williams,BOS,13,149.2,23,31,0,1,2,6,7,18,22,29,51,10,3,6,48,1997,Oct,"Oct 17, 1997",6-10,208,240,109,United States,North Caddo Magnet High School,1,27,Boston Celtics
NBA,2019 - 2020,Playoffs,Garrett Temple,BRK,4,137.2,17,49,9,36,5,6,6,12,0,11,11,8,3,1,48,1986,May,"May 8, 1986",6-6,198,195,88,United States,Louisiana State University Laboratory School,,,
NBA,2019 - 2020,Playoffs,"Gary Trent, Jr.",POR,5,152.9,16,45,10,24,6,7,5,16,5,5,10,3,4,0,48,1999,Jan,"Jan 18, 1999",6-6,198,205,93,United States,Prolific Prep,2,7,Sacramento Kings
NBA,2019 - 2020,Playoffs,Grant Williams,BOS,17,169.6,15,26,10,17,7,10,4,33,7,19,26,6,2,5,47,1998,Nov,"Nov 30, 1998",6-7,201,236,107,United States,Providence Day School,1,22,Boston Celtics
NBA,2019 - 2020,Playoffs,Mason Plumlee,DEN,19,206.5,19,39,0,1,8,12,11,40,31,30,61,25,4,8,46,1990,Mar,"Mar 5, 1990",6-11,211,235,107,United States,Christ School,1,22,Brooklyn Nets
NBA,2019 - 2020,Playoffs,Darius Bazley,OKC,7,125.9,13,31,11,22,9,10,6,2,2,45,47,6,0,3,46,2000,Jun,"Jun 12, 2000",6-8,203,208,94,United States,Princeton High School,1,23,Utah Jazz
NBA,2019 - 2020,Playoffs,Ben McLemore,HOU,11,129.6,15,40,14,36,0,0,3,8,2,9,11,6,4,0,44,1993,Feb,"Feb 11, 1993",6-5,196,195,88,United States,Christian Life Center,1,7,Sacramento Kings
NBA,2019 - 2020,Playoffs,Terence Davis,TOR,6,83.8,14,29,8,19,7,7,6,11,2,11,13,7,1,0,43,1997,May,"May 16, 1997",6-4,193,205,93,United States,Southaven High School,,,
NBA,2019 - 2020,Playoffs,Alec Burks,PHI,4,94.8,16,49,3,16,7,9,3,7,7,8,15,7,1,3,42,1991,Jul,"Jul 20, 1991",6-6,198,214,97,United States,Grandview High School,1,12,Utah Jazz
NBA,2019 - 2020,Playoffs,Jarrett Allen,BRK,4,132.2,14,24,0,0,13,16,11,7,17,42,59,9,2,7,41,1998,Apr,"Apr 21, 1998",6-11,211,237,108,United States,St. Stephen's Episcopal School,1,22,Brooklyn Nets
NBA,2019 - 2020,Playoffs,JaVale McGee,LAL,14,135.2,20,32,0,2,1,2,9,22,16,28,44,7,2,10,41,1988,Jan,"Jan 19, 1988",7-0,213,270,122,United States,Hales Franciscan,1,18,Washington Wizards
NBA,2019 - 2020,Playoffs,Boban Marjanovic,DAL,6,82.1,17,30,0,1,7,9,3,9,6,29,35,5,0,2,41,1988,Aug,"Aug 15, 1988",7-3,221,290,132,Serbia,,,,
NBA,2019 - 2020,Playoffs,Pat Connaughton,MIL,10,170.9,15,35,8,23,2,2,5,12,5,34,39,11,2,2,40,1993,Jan,"Jan 6, 1993",6-4,193,209,95,United States,St. John's Prep,2,11,Brooklyn Nets
NBA,2019 - 2020,Playoffs,Maxi Kleber,DAL,6,203.4,13,39,5,26,9,12,4,20,10,29,39,9,2,7,40,1992,Jan,"Jan 29, 1992",6-11,211,240,109,Germany,,,,
NBA,2019 - 2020,Playoffs,Royce O'Neale,UTA,7,248.7,13,32,10,22,3,6,13,25,3,35,38,19,9,2,39,1993,Jun,"Jun 5, 1993",6-6,198,226,103,United States,Harker Heights High School,,,
NBA,2019 - 2020,Playoffs,P.J. Dozier,DEN,12,124.7,14,33,2,8,8,14,8,13,2,16,18,12,2,2,38,1996,Oct,"Oct 25, 1996",6-6,198,205,93,United States,Spring Valley High School,,,
NBA,2019 - 2020,Playoffs,Gary Clark,ORL,5,143.6,11,33,11,32,4,5,2,7,4,24,28,7,5,2,37,1994,Nov,"Nov 16, 1994",6-8,203,225,102,United States,Clayton High School,,,
NBA,2019 - 2020,Playoffs,James Ennis,ORL,5,119.1,12,35,4,16,7,9,6,19,6,23,29,6,5,2,35,1990,Jul,"Jul 1, 1990",6-7,201,210,95,United States,Ventura High School,2,20,Atlanta Hawks
NBA,2019 - 2020,Playoffs,Hassan Whiteside,POR,5,106.1,13,24,1,1,7,14,6,17,7,28,35,2,1,10,34,1989,Jun,"Jun 13, 1989",7-1,216,265,120,United States,The Patterson School,2,3,Sacramento Kings
NBA,2019 - 2020,Playoffs,Matt Thomas,TOR,10,84.2,13,21,5,12,0,0,1,6,1,13,14,7,1,1,31,1994,Aug,"Aug 4, 1994",6-5,196,190,86,United States,Onalaska High School,,,
NBA,2019 - 2020,Playoffs,Aaron Holiday,IND,4,71.9,12,21,4,9,3,5,4,10,1,4,5,10,4,0,31,1996,Sep,"Sep 30, 1996",6-1,185,185,84,United States,Campbell Hall School,1,23,Indiana Pacers
NBA,2019 - 2020,Playoffs,Justin Holiday,IND,4,131.1,10,21,8,16,1,3,3,8,4,11,15,3,6,5,29,1989,Apr,"Apr 5, 1989",6-6,198,181,82,United States,Campbell Hall School,,,
NBA,2019 - 2020,Playoffs,Al Horford,PHI,4,128.5,12,25,0,4,4,7,3,14,9,20,29,9,1,5,28,1986,Jun,"Jun 3, 1986",6-10,208,245,111,Dominican Republic / United States,Grand Ledge High School,1,3,Atlanta Hawks
NBA,2019 - 2020,Playoffs,Anfernee Simons,POR,4,82.0,8,26,6,14,5,6,4,7,1,10,11,10,6,0,27,1999,Jun,"Jun 8, 1999",6-4,193,185,84,United States,IMG Academy,1,24,Portland Trail Blazers
NBA,2019 - 2020,Playoffs,Khem Birch,ORL,5,89.5,7,14,0,0,10,11,5,11,9,16,25,7,1,0,24,1992,Sep,"Sep 28, 1992",6-9,206,220,100,Canada,Notre Dame Preparatory,,,
NBA,2019 - 2020,Playoffs,Chris Chiozza,BRK,4,64.6,8,24,5,16,2,4,3,7,1,5,6,17,5,0,23,1995,Nov,"Nov 21, 1995",5-11,180,176,80,United States,White Station High School,,,
NBA,2019 - 2020,Playoffs,Mario Hezonja,POR,5,68.0,9,22,2,7,3,4,3,8,2,13,15,6,3,0,23,1995,Feb,"Feb 25, 1995",6-8,203,220,100,Croatia,,1,5,Orlando Magic
NBA,2019 - 2020,Playoffs,Derrick Jones,MIA,15,96.7,8,17,4,9,2,5,2,12,6,6,12,7,6,5,22,1997,Feb,"Feb 15, 1997",6-7,201,200,91,United States,Archbishop John Carroll High School,,,
NBA,2019 - 2020,Playoffs,Nerlens Noel,OKC,7,97.2,8,17,0,1,5,10,2,15,5,24,29,3,2,5,21,1994,Apr,"Apr 10, 1994",6-11,211,220,100,United States,Tilton School,1,6,New Orleans Pelicans
NBA,2019 - 2020,Playoffs,Wesley Iwundu,ORL,5,75.8,6,20,4,7,5,8,3,5,1,10,11,4,3,2,21,1994,Dec,"Dec 20, 1994",6-7,201,195,88,United States,Spring Westfield High School,2,3,Orlando Magic
NBA,2019 - 2020,Playoffs,Semi Ojeleye,BOS,13,122.2,7,28,5,23,2,2,1,9,2,10,12,1,3,0,21,1994,Dec,"Dec 5, 1994",6-7,201,241,109,United States,Ottawa High School,2,7,Boston Celtics
NBA,2019 - 2020,Playoffs,J.R. Smith,LAL,10,74.9,7,26,6,22,0,0,7,11,0,3,3,3,2,0,20,1985,Sep,"Sep 9, 1985",6-6,198,225,102,United States,Saint Benedict's Preparatory School,1,18,New Orleans Pelicans
NBA,2019 - 2020,Playoffs,Juwan Morgan,UTA,7,86.5,3,12,2,10,2,6,1,11,6,15,21,5,2,0,10,1997,Apr,"Apr 17, 1997",6-8,203,232,105,United States,Waynesville High School,,,
NBA,2019 - 2020,Playoffs,Matisse Thybulle,PHI,4,75.3,3,7,1,4,0,0,2,6,1,6,7,2,3,1,7,1997,Mar,"Mar 4, 1997",6-5,196,200,91,United States,Eastside Catholic High School,1,20,Boston Celtics